Comment,Target
Yea me 🥲,0
"Yes, fair!",0
@alphaadvice volume 👏👏👏👏,0
I honestly got more attention back when I was broke and posting bottles and weed than I do now bro by goal oriented and posting about maintaining discipline 💯🤷🏽‍♂️,0
Stop. Seeking. Attention. You are no different than a woman.,0
"Men wants respect, boys wants attention.",0
"@garrel_swellborn I'm not after celibacy man, far from it! Just that you know, if guys continue to put women in the pedestal then maybe it's weird they later complain that women are on a pedestal in this respect.",0
🔥,0
Woah woah woah,0
@simonfokt the hypersexualization of women on social media is only going to make it worse.. men will always be men and drawn to female figure… this much access and normalcy of it will only cause mental illness and sexual assault/ create serial killers. You wait…,0
"Sure, but who does that woman receive attention from? Maybe guys should just stop acting like starving dogs salivating uncontrollably at the view of her in the $20 yoga pants.",0
"I’m fine with it. My work and results will last longer and it will attract the right attention, people, circumstances.",0
"@mariasgun it’s not fair. But we don’t have to play this game and give attention to the wrong persons.
That said, you look more like the yoga pants woman who takes advantage of the free attention.",0
Go!,0
To be desired is different than to be valued. You working on yourself will pay off many folds. It’s a Silly comparison. Her getting attention is the same attention you’ll get with your money. Women learn to hoarder their interest and pretend they don’t see you. It’s the oldest trick and they usually do it in groups (herd) mentality. Trust me they have crushes just as much as you do. They only conceal it 👊🏽🤡,1
Even thru all that men still DONT get that attention,0
"Of course, recognizing this for what it is, and then overcoming it, is the right thing to do.  Celebrating it, romanticizing it, and defending it?  Get lost.",0
"But when necessary, expose it … like you just did.",0
It’s not really unfair tbh. Just balanced differently.  Women get what they want early and have to work for it later while men have to work early and get what they want later.,1
@alphaadvice good answer. I'm remembering that,0
"Hmm, sounds intriguing. I might just have to give it a click.",0
"Oh, I'm always up for some dating wisdom and growth!",0
"Ooh, intriguing! I'll definitely check it out!",0
Maybe this is the sign you've been waiting for 😉.,0
"Oooh, sounds intriguing! Time to shake things up and embrace the cosmic energy, thanks for the tip!",0
"Ooh, sounds intriguing! Can't wait to check it out! 💫",0
"Ooh, sounds intriguing, I'm all about leveling up in the dating game!",0
"Oh, sounds intriguing, I could definitely use some cosmic wisdom in my dating life!",0
"Hmm, intriguing... I might just have to check that out.",0
"Oh, I'm intrigued! Will definitely check it out!",0
peeps really be struggling with being themselves bro,0
"Wow. Totally felt this one. And as with a many other things in a narc relationship -its only after the end and you think back to all those moments that you realized exactly what they were doing. Saddest of all - I’m not always sure they are even aware in that moment that they are doing it, but not because of innocence, but because they are well practiced at doing it.. it’s so natural to them to manipulate a situation or a scenario that happens to improve their inflated self image that it’s just completed normal for them. So if you are dare to suggest that something they did embarrassed or hurt you - they laugh indignantly as if you are wasting their time. It’s such a sad sickness to be a narcissist. Especially a convert narcissist. I have actually started to genuinely feel sorry for them. But not in a week way-just more completely amazed that someone can be such state of denial. All thanks to the cyber expert who was able to access my husband’s device remotely to give me the Information and evidence I need to validate my suspicious. Incase your are having similar issues, you can reach him on Instagram username 👉🏻 @RUSSPYY",1
"@cosmicmasculinity I know lol , but most of the lots are hungry lol , so guys be careful",0
@the.brave23 If she's focused on her phone call her out! If it continues then end the date,0
@bamideleoa If you invited just pay make sure the bill isn't too high,0
Who pays lol 😂,0
All of this so she can either flake on you or come and stare at her phone all day.,0
He means dressing up like a whore!!,1
Now i know why I'm broke😢,0
No I don't  wanna just hook up so don't ask.,0
Look at this begger pretending she can afford to turn down caviar. She's not even worth hooking up with.,1
The hooks in the background is where she hangs the wallets and balls that she collects.,1
"23 and ruined, what a fucking world we live in.",1
Well yeah because she’s got a disease. Nobody wants to hookup with her and risk that lol,1
"Dumb hoes whine about sexual double standards (that ironically they enforce) when it comes to sleeping around, and yet fail to realize there are perfectly logical reasons for a top tier man to not want to stick his dick in a human petri dish.",1
A smart woman who could be relied upon to form a stable relationship wouldn't have put herself in the position to catch an avoidable disease to begin with.,0
"I wonder what the going rate for a herpes covered pussy is on OF? Who’s paying to see that? Not me that’s for damn sure. Keep your ass behind a screen so you won’t spread your disease, hoe",1
Who’s paying to see that?,0
"Who is paying for OF at all? It’s seriously a mystery to me. There’s free porn on the internet if you want porn (and I don’t recommend it). Why would you pay for it, much less pay for herpes 4/10??",0
Talk about a drastic cut in her SMV/RMV. MOST guys will run to the hills so what does that leave? The bottom tier of men desperate enough to risk their health for any contact with a pretty girl. The irony is those are the types of guys she wants nothing to do with.,1
"It'd be a stretch calling her pretty to be honest. Look carefully at the photo, there are signs of digital manipulation, especially on her left arm/waist. And even that can't hide that she has an A- cup and a waist:hip ratio closer to 1:1 than 2:3. Flat chest and gunt do not a hottie make. And if she was desirable enough to make a living off of OF, she wouldn't be trying to shop for a wallet online that makes 250K+.",1
This bitch has realized she is getting kicked out of the game of Musical Dicks early and is trying to cash out. But her account is already overdrawn.,1
"Asking for 22+, own car and house, 250K+ income?!?",0
I wonder if she's aware of the percentage of single 42+ men who meet these qualifications?,0
Kevin Samuels theme music intensifies,0
"Lucky pick, indeed",0
"Lol yes indeed. The irony is so thick you can cut it with a fucking saber. Only in this modern era of dating would rolling a snake eyes be considered a ""lucky pick"".",0
I take her out to dinner & drop a couple hundred bucks then I might get a peck on the cheek. Then she goes home to her OF where a couple of dudes give her 5 bucks so she can shove a 12 inch purple dildo up her ass. Modern dating / OLD has got to be one of the circles of hell.,1
THE CLAAAAAAW !,0
"Worth mentioning he married her when she was 18 and he was 20 and playing for AC Milan in Italy. She was a ""pastor"" in church for sometime after they got married. If you are not into soccer, this guy won the award for the best player in the world in 2007, so he was very highly regarded.",0
"In the UK was a retired Liverpool/England footballer Jamie Rednap, who married a pop singer from the band All Saints. She divorced him out of nowhere a few years ago, and she clearly regretted it, but it was too late as he just got remarried to a younger woman and had a son together lol. She threw it all away for nothing, probably her friends telling her how great it is being single.",0
"She started with an ultra-rich Chad, and turned him into a Beta Billy.
Is what happens when you let a woman divert you away from your purpose.",1
"Now she gets to go be a whore who gets ran through and will rapidly age and likely never marry again. Good move, dumbass.",1
"Good lord, you couldn't make it up. ",0
"OP - this is an absolute treasure, a brilliant find. It encapsulates what it would take me 1000's of words to explain, in a simply paragraph. And straight from the horses mouth. ",0
Oh how truthfully she speaks when she does not understand what she reveals.,0
"If I had to translate this from womanese, it would be like this;",0
"""I married the most chadly guy I could fine. But then, because he loved, I suddenly wasn't feeling any tingles. He gave me everything - fantastic wealth, security, love, 2 beautiful children, which made my panties dry up like the Sahara. I am useless slut and I hate myself, so I need a guy that hates me too, that treats me like the dog shit that I am. This is why I divorced him, and jumped back on the CC. Now I have enough money to ride the CC and get treated like literal shit (Oh the tingles!) for the rest of my life, well, until the bad boyz no longer want me. Then I'll just turn to drugs and plastic surgery. And social media. And I might sell my story.  It's call ""Pity Party - how I ruined my life and its all mens fault"" ",1
Devastatingly accurate.,0
"I find that a lot of guys start their journey thinking that if they become someone top-tier in status and such like this sports star, that you become bulletproof and can swim in the multitudes of women available to you without risk. Like other similar events have shown, being elevated in status doesn't provide insurance against how women operate.",0
"I wonder about the beginning of this relationship. Did she see ""potential"" and stuck in there, or was it simply a leg up to the levels of whoredom she secretly desired? I'd answer that myself, but I can only take so many brutal examples of a failing society in one sitting.",1
For all guys saying you need to find a religious girl from a church ... please read the wiki.,0
"Properly practiced, adherence to biblical commands to women is an excellent restraint on hypergamy.  I've seen it in practice.",1
"My wife obeys me in everything, respects me, does not consider her body her own, keeps her weight well under 130, is busy at home, defers to me in all matters of parenting/homeschool, and has never cheated.  All this because she takes those commands seriously.  There's not that many, but they are hard for women, which is... why they are commanded.",1
"I agree with you that a ""religious"" or ""church"" girl is no magic bullet, there are chameleons and predators everywhere, in every country - it's a woman's nature.  Beware and vet thoroughly.  But also don't throw out the baby with the bath water - women who actually put these things in practice can be trained.",1
"Any Brazilians here? Please tell us he was smart enough to protect his assets like that Moroccan soccer player that put it all and gave his paychecks to his Mom.  And also, Kaka was the biggest Christian representative on Brazilian football. Another proof that your based trad wife is a whore as all the others. So what she meant is ""I was a poor quality wife, and probably cheated, and then felt guilty and left instead of letting it slowly ruin our relationship."" The highest divorce rates around are professional sportsmen when they retire. These women realize there is a diminishing pot of Gold, and they want to grab it with divorce rape before it is spent.",1
There is a brutal truth here that a lot of men don't understand:,0
Never give a woman everything she wants. It will only make her miserable.,1
"Agree.  Best to treat them like children.  A child that shows responsibility and obedience should have some of what they want, but never all.  Spoils them, like the girl in Willy Wonka that turns into a blueberry.",1
She'd rather be alone and miserable for life than with a good man most women dream of snagging.,0
"A good man annoys a woman because she realizes, subconsciously, that he's generally right about things, a good leader who cares about his family.  This requires her to go along with the program and maybe even change her sour attitude.  She tries and tries to find something wrong with him to play the victim, but she can't, and neither can her girlfriends.  He's just too perfect to blame for her unhappiness.",0
"Good men also avoid pointless drama.  Women hate that.  Women thrive on drama, and if there is none, they will create it from nothing.  They naturally want to live in a soap opera.  So if a man won't play the game of constant conflict/resolution, it drives her nuts.  She feels ""bored"" because her life isn't a constant drama.",1
So they're changing the rules from no sex for the first 3 months to no kissing to the first 3 months? Does anyone actually go on dates anymore? Seems like a thing of the past.,0
"Let's be real, only the cream of the crop virgin women could demand something like this. If you are a virgin and a good woman, you could still probably bag a man for having such a rule for not having sex for 3 months. In this day and age though, since there's almost no virgin women left in the West, where are these women thinking they're going to get somewhere with this? She just keeps 10+ guys on rotation, some chads she wants to fuck on sight, some financially secure guys she can settle with and drain dry and a bunch of beta orbiters for free lunch, those guys have to wait 3 months. ",1
Most prostitutes do not kiss you either.,1
Does anyone actually go on dates anymore?,0
"No dates for the first three months. Actually, no contact for the first three months. If a man won’t ignore you for at least three months then clearly he doesn’t like you. I’ve been married for 100 years and my husband didn’t even know that I exist for the first 99. ",0
Id definitely wait 3 months for a virgin. If not triple that,0
"If you are a virgin and a good woman, you could still probably bag a man for having such a rule for not having sex for 3 months. ",1
not an attractive man with options.,0
"What is completely fucked in the head is she doesn't mention anything that would be worth holding such a high bar for. But lets be honest, she'd lift that skirt in a second for the ""right guy"".",1
"I think this is just desperate lock-the-ATM-down kind of fishing expedition. Things are getting tough out there, so much so even the 99 cent stores are closing down.",0
"I don't think she'll have many options when it truly accelerates, other than the usual monetizing whore tactics.",1
"she'd lift that skirt in a second for the ""right guy""",1
"Every single woman who gets posted here, without exception, has a guy that she fucks.  FWBs are, for women, what porn is for men. If she’s not fucking you, she’s fucking someone else. ",1
"Those men should make a rule “I don’t pay for you for anything in the first 3 months. Dutch everything. You even drive to meet me halfway, no picking you up” see how that goes over lol",0
"""If a woman cannot enjoy and appreciate your PRESENCE and company alone without any kind of gluttony or shopping involved... she truly doesn't like you for who you are.""",0
I had a 38 yr old woman tell me she was shy about talking about sex or sex in general. The problem is she did anything her ex wanted because she told me and she also had a kid by another man who also she apparently wasn’t “shy about sex” around. But with me? All kids of excuses.,0
How did you proceed?,0
I proceeded to walk away and ghost her. I’m not jumping through no hoops for sex other guys got easily,0
You are wise,0
She’s got that feminist radical leftist cunt haircut,1
"Dear TwoXChromosomes,",0
"I've been seeing this guy for 4 months. We had our first kiss a month ago, i wanted to make sure he was serious. I'm happy we are finally official, he's great, it's just that I don't feel a spark. What can I do?",0
IKR? Even if some dude follows their stupid rules it just means they'll dump him or cheat on him.,0
Dudes need to realize complying with this inane shit is like negotiating with terrorists or paying Danegeld. It just invites further stupidity.,0
paying Danegeld,0
Anyone who doesn’t get this reference should google it. You’re absolutely right. Acquiescing to a shit test is failing the shit test.,0
"Where does it say she fucked Chad? While she may be overexaggerating her point here, there are definitely some women who dont fuck on the first date. Or date 3.",0
"She didn't say three dates, she said three months.",0
These women are under the misconception that by raising the price of something that it raises it's value.,1
"This is the sort of crap that the clergy promotes where women are treasures to be honored. Stupid men bought into this shit and passed it on. At its core , this is BP chivalry of man declaring his love and willing to sacrifice. ",0
I lately started getting disgusted by the sight of a man kneeling to propose.,0
Imagine an elephant kneeling for a rat.,1
"They'll learn later, guaranteed. ",0
"It's all part of the BP mind virus. Your disgusted because the man is demonstrating the 3 S-es upon which the BP is built. Subservience, submission, supplication. ",0
"""In fact, he should adore you if you were just a disembodied cyborg head soaring through the cosmos on a hazy blue pillar of charged ions...""",0
That was a good one.,0
"Reminds me of that aphorism that all woman are Bi - the only question is, Bisexual, or Bipolar?",1
Do these women really think that men don't notice that they are insane and on a ton psychotropics?,1
Its the trendy victim stigma all the idiots on TikTok love emulating.,1
"Getting hard to tell when they genuinely have it, but if they volunteer that they're Bipolar, that of course is time to pull the rip cord. A whole medicated generation and they're not even past 40. Insane.",1
Yeah.  The guy that walked her to the car and then said 'bye' was probably literally afraid of her!  3 hours on the bench chatting was more than enough to establish that she was a class a lunatic.,0
Yeah that part of the story should have been a wake up call for her. I’d give her the same advice I’d give a dude (and that’s rare) do a double date with a friend so that you can get some honest feedback,0
…unfortunately women do the “crabs in a bucket” thing so her girlfriends will probably listen to her talk about her various psychosis for three hours then tell her she did nothing wrong.,1
"But a dude will tell you how you fucked up. So, be thankful for that ",0
"Yup sweatie, it's you.  When you are in your hot girl 20's these issues are not a problem since everything is transitory for your hoe phase.  Then, you hit 30 and things start to change.  Quickly.",0
"So now that you are on the downhill slide in attractiveness and you feel the need to lock down resources, those little 'quirks of personality' have suddenly become red flags and deal breakers for men.   Most men who are still looking for a woman worth commitment have been through their own wringer.  And the lessons they have seared into their psyches all boil down to the mantra of 'hire slowly, fire quickly.'  And more men are doing this.  ",0
"And it is only going to get worse, for you that is.  So, enjoy whatever cocktail of head meds the docs will put you on next.  That chemical buttressing and your plethora of cats are all you have going for you.  Well, that and your 'career.'",0
those little 'quirks of personality' have suddenly become red flags and deal breakers for men. Most men who are still looking for a woman worth commitment have been through their own wringer.,0
"In other words, most of us learned the hard way the old saying: ""Dont stick your dick in crazy.""",1
"There’s been a sea state change in the last few years. I only see it from these women’s posts, but it’s clear. Men have stopped putting up with them",0
"If I recall correctly, buproprion (Wellbutrin), used to be considered a heavy-duty antipsychotic when it first came out. A small dose of it was sometimes included with a mix of less-potent drugs. ",0
"I’ve said it before and I’ll say it again, I think that birth control fucks these women up. I bet this one had been on birth control since she was 16. She probably needs an anti-psychotic at this point",1
"It’s sad. It’s legitimately sad. She could have had a happy life. 32? She could have three kids with a decent man. The youngest would be 7 and off to school and she’d be thinking about an optional job to keep herself busy and have some more disposable income, but still be home when the kids are home. She’d watch them play and be happy, in a way that the real her will never know - never even imagine. ",0
God damn this is tragic,0
"""Ladies... How come I can't get exclusive commitment
from one of these scarce men that 90% of us have decided to chase after and give easy sex to?""",1
You know the old saying: Men should stop taking the free milk and do whatever the cow tells them to.,1
Here's the thing about medicated women:,0
THE CLAAAAAAW !,0
"Worth mentioning he married her when she was 18 and he was 20 and playing for AC Milan in Italy. She was a ""pastor"" in church for sometime after they got married. If you are not into soccer, this guy won the award for the best player in the world in 2007, so he was very highly regarded.",0
"In the UK was a retired Liverpool/England footballer Jamie Rednap, who married a pop singer from the band All Saints. She divorced him out of nowhere a few years ago, and she clearly regretted it, but it was too late as he just got remarried to a younger woman and had a son together lol. She threw it all away for nothing, probably her friends telling her how great it is being single.",0
"She started with an ultra-rich Chad, and turned him into a Beta Billy.
Is what happens when you let a woman divert you away from your purpose.",1
"Now she gets to go be a whore who gets ran through and will rapidly age and likely never marry again. Good move, dumbass.",1
"Good lord, you couldn't make it up. ",0
"OP - this is an absolute treasure, a brilliant find. It encapsulates what it would take me 1000's of words to explain, in a simply paragraph. And straight from the horses mouth. ",0
Oh how truthfully she speaks when she does not understand what she reveals.,1
"If I had to translate this from womanese, it would be like this;",0
"""I married the most chadly guy I could fine. But then, because he loved, I suddenly wasn't feeling any tingles. He gave me everything - fantastic wealth, security, love, 2 beautiful children, which made my panties dry up like the Sahara. I am useless slut and I hate myself, so I need a guy that hates me too, that treats me like the dog shit that I am. This is why I divorced him, and jumped back on the CC. Now I have enough money to ride the CC and get treated like literal shit (Oh the tingles!) for the rest of my life, well, until the bad boyz no longer want me. Then I'll just turn to drugs and plastic surgery. And social media. And I might sell my story.  It's call ""Pity Party - how I ruined my life and its all mens fault"" ",0
Devastatingly accurate.,0
"I find that a lot of guys start their journey thinking that if they become someone top-tier in status and such like this sports star, that you become bulletproof and can swim in the multitudes of women available to you without risk. Like other similar events have shown, being elevated in status doesn't provide insurance against how women operate.",1
"I wonder about the beginning of this relationship. Did she see ""potential"" and stuck in there, or was it simply a leg up to the levels of whoredom she secretly desired? I'd answer that myself, but I can only take so many brutal examples of a failing society in one sitting.",1
At this point it would be cheaper and easier to train a Robot with sensors and servos.,0
"Properly practiced, adherence to biblical commands to women is an excellent restraint on hypergamy.  I've seen it in practice.",1
"My wife obeys me in everything, respects me, does not consider her body her own, keeps her weight well under 130, is busy at home, defers to me in all matters of parenting/homeschool, and has never cheated.  All this because she takes those commands seriously.  There's not that many, but they are hard for women, which is... why they are commanded.",1
"I agree with you that a ""religious"" or ""church"" girl is no magic bullet, there are chameleons and predators everywhere, in every country - it's a woman's nature.  Beware and vet thoroughly.  But also don't throw out the baby with the bath water - women who actually put these things in practice can be trained.",1
"Any Brazilians here? Please tell us he was smart enough to protect his assets like that Moroccan soccer player that put it all and gave his paychecks to his Mom.  And also, Kaka was the biggest Christian representative on Brazilian football. Another proof that your based trad wife is a whore as all the others. So what she meant is ""I was a poor quality wife, and probably cheated, and then felt guilty and left instead of letting it slowly ruin our relationship."" The highest divorce rates around are professional sportsmen when they retire. These women realize there is a diminishing pot of Gold, and they want to grab it with divorce rape before it is spent.",1
There is a brutal truth here that a lot of men don't understand:,0
Never give a woman everything she wants. It will only make her miserable.,1
"Agree.  Best to treat them like children.  A child that shows responsibility and obedience should have some of what they want, but never all.  Spoils them, like the girl in Willy Wonka that turns into a blueberry.",1
She'd rather be alone and miserable for life than with a good man most women dream of snagging.,1
"A good man annoys a woman because she realizes, subconsciously, that he's generally right about things, a good leader who cares about his family.  This requires her to go along with the program and maybe even change her sour attitude.  She tries and tries to find something wrong with him to play the victim, but she can't, and neither can her girlfriends.  He's just too perfect to blame for her unhappiness.",1
"Good men also avoid pointless drama.  Women hate that.  Women thrive on drama, and if there is none, they will create it from nothing.  They naturally want to live in a soap opera.  So if a man won't play the game of constant conflict/resolution, it drives her nuts.  She feels ""bored"" because her life isn't a constant drama.",1
"I've found that getting caught cheating hurts them so deep,they may never forget it. I think she's kinda toying you around with the trust thing. It works out for you if you didn't establish cheating as a boundary before you cheated. If that's the case it was fair play to cheat (both ways). Should you want a LTR with her then make sure to establish boundaries, verbally ",1
"Wdym toying with me? Is that a bad thing? So should I send that text i wrote out or go with the flow till she brings it up? Some of the stuff we said before (dont get with anyone, only i can do this etc) set a tone i feel",0
getting caught cheating hurts them so deep,0
"This is so fucking true. As a young redpiller I thought girls always went back to Toxic Chad who cheated on them. While true in some cases, its absolutely not true in the majority. Ive been on both ends (retained and lost girls) who found out there were other girls. I learned that basically, girls can get sex and tingles semi-easily in this modern dating world. Its much more valuable to have high value commitment. The moment you lose ""boyfriend material"" you just become another dick to them. You become replaceable.",1
"At that point youre good for sex only. With no commitment upside. Theyll rather gamble on a new cock who MAY or MAY NOT give them commitment, but its worth the ride for them. With you, you have proven youre not boyfriend material so they may not go back.",0
So true. This happened to me before and i always wondered why she said no to ltr bc it was after she saw texts on my phone and thought I wasn’t good enough but we were piping daily. Made me realize now,0
"Yeah same thing happened to me... its why i know what im talking about haha. It also doesnt matter if youre not exclusive, you didnt do anything wrong - but it gives her enough information to assess you as not boyfriend material. Did you cheat? No. But would you make her feel secure in a LTR? Not likely.",0
Hows the text i was planning on sending to her at the end of my text?,0
Got caught with other girls so we stopped talking. She reached back out a few weeks later,0
"How did you guys stop talking? Was there a fall out or she just started ghosting you and fading away? Going through something similar. Fwb seemingly wanted a LTR with me and vice versa but shit went left when she found out there was another girl. We werent even exclusive. But she got mad and basically were not on talking terms. As far as I know we ""broke up"" even though it was a situationship type thing. I have a feeling she'll reach back out in the future because I didnt do anything wrong and there were feelings involved. ",0
Anyways in your case it sounds like you have already given her exclusivity without the label. ITs a low-value move and she has more leverage and power. Unless you have her exclusivity too youre in a really bad position for attraction and respect. Sounds like shes keeping you as a back up or shes plating you.,1
"One last thing, she's a virgin? So im assuming you have not fucked her? AND you gave her unspoken unlabeled exclusivity? You are fucking up my friend. I wouldnt even hang out with a girl more than 2-3 times if we havent fucked. Yet alone consider her for LTR and be exclusive and respond to her jealousy. I would literally be so confused and repulsed by her incongruency that I would literally drop her in the garbage bin on Tuesday mornign when the trash man comes around. Shes using you for validation and attention nothing else. Youre an orbiter, man.",1
"Well it was the other girls thing and me being mean to her that caused her to stop talking to me. Then i apologized and waited. What can i say to establish exclusivity to not be at a low value position? Ive told her before “only i can do this” when we were laying down and she said yes. Or do you think i have the exclusivity already, or shpuld i send the text i wrote out?",0
"Yeah she’s a virgin, and im over hooking up and would rather be ltr with a good quality person, so i told her id wait and never waited for someone before bc i care about her",0
Okay i made up my mind about 5 sentences into the post and the rest of the post failed to change my opinion,0
"You're completely in her frame. You're calling regular non-exclusive dating ""toxic"" and saying you got ""caught"" dating other girls. You didn't get ""caught"" you two weren't an item. She has no claim over you and was probably seeing other men too.",0
"Don't bother getting I to a relationship with her. You already fucked up and also instead of earning your commitment she is shaming you, controlling you, and watering you down into a bf. She's not earning your commitment, she's just shaming you into compliance and you're an idiot but also desperate if you take that up.",1
"This is a shit deal. She's not even hanging out with you as much, mostly because you're going from that tiger women love into a domesticated house cat with its tail between its legs.",1
This is a stupid fucking idea and you're doing this all wrong. Stop being ashamed of being a man and read No More Mister Nice Guy and also read HumanSockPuppet’s Guide to Managing Your Bitches,1
For the love of God don't commit to the wench,1
Just keep having a good time with her and not say anything?,0
Yes. Recreational use only. Otherwise this will end up being a shit relationship.,0
And read my post on this too:,0
Green-Tinted Glasses™,0
Thing is she is expecting comfort and trust before having sex. Cause she’s never done it and no one gave her that and she’s been waiting for the “right person”. Is there anything I can say/do to releverage the dynamic?,0
It's been a few months and you haven't had sex yet?,0
Nah cause she’s been waiting for the right guy she said so Just bjs which she never gave before. But she did say she worries that if we have sex ill treat her like all the other girls i did because ill be her first and its special for her,0
Jesus Christ she's full of shit. Stop wasting time on her,1
I have read it. Why is it so hard to believe what a girl would say? This was something she told me like second date. Ive had girls before be straight up with their n counts cause it was high,0
Because she would fuck Chad if she was turned on enough.,1
She's watering you down  into a beta,1
I can say she viewed me like that early on and i tried and she’d say she’s not ready. Some just wait to be sure. I’m sure she’s talked to other chads before,0
She wouldn't wait for someone special if she were turned on enough,0
So she wasn’t turned on by any of the guys she talked to before me and all the ones that hit on her? She told me she felt asexual before me but thought she was crazy for saying that.,0
"She knows my exes, knows how hot they are and she likes that, she left the bar early to run back home to call me cause i was out all night",0
It doesn't matter what she said. It only matters what she does but rest assured a woman will fuck if she's horny enough,1
She’s been so horny before dripping after blowing me and i ate her out which i love but when i tried to proceed she said not yet. Said she doesn’t want me to toss her like i did the other girls,1
"Again, you're being too naive.",0
She's not turned on enough for you then,0
"She's playing games. She wouldn't play games for Chad, hate to break it to you ",1
"Idk, i think some girls just genuinely wait. Like I’ve never waited for longer than 2 dates in my life for any of the +40 girls i been with. And this girl was into me super especially in the beginning, so not sure what i did to not make me a chad in the beginning ",0
I don't know what to tell you. You are naive,0
"I have a buddy that waited 3 months with his virgin girl. Dude is a good guy but one of the biggest simps (insecure, arguing, too many compliments) and she is obsessed with him now and he’s kinda done with her and doesnt even get turned on by her yet she wants to marry him. Thats another example of what i mean",0
Look dude. You're going to get surprised and blackpilled over it one day,0
"She would fuck you if she was turned on enough. Your game or SMV is not high enough, hence why you are having to go the commitment and comfort and beta route",1
"How do i rec use a girl that doesnt put out then lol. I get rp theory and have done it all my life with results, but sometimes its just better to do the right things as a man and keep your word and see if she gets comfortable enough to do it. This girl has talked to multiple dudes but dumped them for not liking them enough. Her friends keep telling her that matter of fact im cheating on her because they dont believe id wait for sex. My smv is already high - the looks physique height money is there. My exes show it",0
Dude you are hamstring to unreasonable levels.,0
You are not going to be able to rationalize the situation into a different reality,0
"You can present yourself as a guy with good rapport who won't pump and dump her and keep your word and balance high sex appeal with comfort but you are not going to be able to say ""but my friend xyz"" this into another reality short of giving away all of your power just to have beta comfort sex",0
You can keep ramping up the desire while demonstrating consistency and rapport but she's already chipped away so much of your power which makes you fat less sexually desireable,1
"Ok, so how can i make sure i get my power back and sex appeal? For example, i made it known i will be too busy tonight to call because im going out and im less available. However at the same time i want to show i care for and comfort her. And i dont think its comforr sex, the chick comes over just to blow and please me",1
"First of all stop acting like she's your girlfriend, keep seeing other chicks ",0
"Secondly, just keep assuring you won't ditch her",0
"Either way don't commit, if it's not meant to happen it's not meant to happen ",0
Don't be a chump and commit just for some puss,1
Its not about the puss lol. I can get it anywhere anytime I have girls asking me to fuck and i turn down. I really like her and vibe well and laugh with her. She cooks cleans and is a feminine girl,0
And she's watering you down into a chump.,1
She'll never respect you for having given up your freedom,1
She'll meet a bad boy at some point and get tingles because he was the man you gave up being,1
So why do guys in an LTR not get replaced when their girl meets a bad boy? Everyone in an LTR gets watered down,0
This is going so far down the rabbit hole an explanation would require a massive post,0
Care to summarize ?,0
"From the way you describe it, sounds like you are the monkey branch.
Her boyfriend probably doesn't even know the hammer is about to drop.
The moment she takes the leap, you're going to be dealing with ex-bf drama.
I would hard pass on this one.    ",0
"Advice would be watching out for things getting awkward after a rejection.It can get stupid like her flirting with some other guy, always while you're watching.Some chicks get petty like that,they're just playing. ",1
I want to help but i really can't figure out what you're talking about. The first paragraph is very jumbled. Is this girl engaged? Current bf? I am so confused based on the wording,0
"Sry for the mess, English isn't my main language but this shouldn't be an excuse for my poor writing, next time I will make sure to triple-checked and do my best to write correctly.",0
"She has a bf since 4 years, but she isn't into him. She told me the relationship is basically over but she has to find the courage to leave him. So that's a very great news for me, but at the same time, I'm not positive about the whole situation. Obv I'm summarizing here, it's just not a feeling it's that I'm very good to create rapport and I'm able to connect deeply with people.
She isn't the classic teen, she has a very low body count (2), with very strong family values. IMO she wouldn't cheat because this act isn't congruent with her values and it has nothing to do with her bf. That's the problem, I'm not competing with his bf, but with her values, which are a totally different monster to beat.
This is the first time in my life I feel his way about an engaged girl, because my default setting is: ""all girls are single"" so it's a greenlight to hit on them (unless they are gf's of my friends ofc).
So I think I would listen to my gut and wait a little bit more because I don't think anybody got a chance. I just want to make clear that this isn't fear of rejection at all and I don't depict her as a unicorn. I have abundance mentality talking to every girl and friting with the ones I like, just to confirming that I didn't get ONEitis for her, infact I've got other plates to spin. ",0
"Attractive white girls are harder to get with than anyone, period, in America, even for white guys.",0
"Lift, have fantastic game, dress sharp",0
"Don't look a gift horse in the mouth, young brother. If someone's offering you free pizza, you wouldn't want to insult them by denying their hospitality.   ",0
"Here's another way to look at it: Regardless of what a woman looks like on the outside, all pussy is pretty much the same. It's all wet and pink on the inside, so why not enjoy the smorgasbord that's been laid out in front of you?      ",1
"Right now, just have fun. Once you gain ""the vibe"", white chicks will be all over you.",1
Also I want to say this second comment because this is generally going to be the in most racial contexts,0
"People largely prefer to date and associate with those similar to them. It's just the way of the world. Indians usually prefer Indians, Mexicans usually prefer Mexicans, Asians usually prefer Asians ",0
"It's not that there's a non-white Animus, it's that in a white majority country whites will usually prefer whites, same thing in other countries, people prefer those of similar ethnicity and identity ",0
"Lol. Should you invest in a chick you’re not into, to have a better chance with a white girl? Thats so fing silly. You’re not the prize",0
Pre selection only works if the girl sees the other girl as roughly equal to them or better.,0
Don't chase after barbie dolls. The closer a girl is to you ethnically the better things will be at every level.,0
"Yeah, after some thought I realize I’d rather be sexless than sleeping with other races. Saw Muhammad Ali’s speech about interracial relationships - he was an incredibly wise man ",0
Wtf?,0
I'm guessing by your avatar you get zero play,0
"Please get off the ""racial theory"" mental illness train and get some action before trying to categorize women like you're designing the best outcome in the video games you play",0
Lmao,0
"Can't force yourself to like things. Maybe after you try something else like a black chick you develop an acquired taste, you just didn't know you liked that. You're in the USA, theres a lot of variety there,enjoy it",1
Dump the exclusive one. She is a divorcee--bad news. Also it sounds like you are having pretty beta interactions with her if she is talking to you like that. That is not the way submissive women talk.,1
Ngl bro 1) her background is sus as fuck and 2) any chick that asks for exclusivity early on is a major red flag.,1
Cut her loose n keep baggin birdies don’t let her slow down your momentum,1
It’s not black and white,0
"It's a simple question. Do you want to be exclusive with her? If yes, then communicate that to her and cut off sexual contact with other women. If no, communicate that to her and keep moving along with your life.",0
All plates break eventually. Your job is to keep them spinning as long as possible.,0
"As a man, you are the gatekeeper of relationships. Wield that power wisely. Whenever you decide to commit, make sure your commitment means something.",0
"If no, communicate that to her and keep moving along with your life.",0
I don't. I thought I did when my brain was infatuated.,0
All plates break eventually. Your job is to keep them spinning as long as possible.,0
"I know. Problem is we're going great. She's a hot hb7 with a fat ass, nice legs, killer waist to hip ratio, and a great face. Sex is fantastic, and we both get lots of it.  I'm slowly getting more Dom and we're exploring fantasies together. She lives in her feminine energy and is very caring and supportive of me. There is no end in sight for this. She tries to conceal her attachment, but she has grown attached, and so have I.",1
"As a man, you are the gatekeeper of relationships. Wield that power wisely. ",0
"I have over 170 posts on these forums. Some are askholes, but many are field reports. From trying to chat with girls through my cold approach journey of trying of hard earned dates and kiss closes. I've worked so hard for so long on this and myself. 170 posts with many many field reports documenting my journey from nothing. I couldn't understand this power of commitment that men wield, now I'm starting to feel it. @redpillschool the thrill of gaming new girls is a strong draw. I didn't realize how much I'd miss it.",0
"Whenever you decide to commit, make sure your commitment means something.",0
"I know. I know we're not committed, but I let myself take on that role of a ""stand in boyfriend"" to feel what it's like. I let the sexual exclusivity happen, I thought I'd like it. Although she isn't available all the time, we do get each other off even when her kid is asleep in the next room after lights out.",0
"But I keep thinking about fucking other women. My FWB is on the voluptuous side, but I've also had desires to throw around and fuck smaller girls about 100lb. This new 18yo that's blowing up my phone is just that. ",1
"Things are objectively great, I love my FWB, but the problem is with me. I was hoping my urges would go away, but they haven't.",0
"She just wants exclusivity early on, if you feel like having a LTR,with this girl, then go ahead cause that's what she's putting on the table (talk is cheap anyways). Whatever you do,and although red pill is amoral, I suggest you don't do the lying thing. It can backfire ,sure,and you leave behind yet another broken woman with trust issues. Plus it is a bunch of effort to be lying and hiding your actions all the time. You can sublimely let her know you are all about protection but are not ready to commit to a single girl.Or keep fucking her for a while, exclusively,Wich could make you finally trascend.",1
"She just wants exclusivity early on, if you feel like having a LTR,with this girl, then go ahead cause that's what she's putting on the table (talk is cheap anyways).",0
Thought it was just sexual exclusivity. I feel like we're just going with the flow.,0
"Whatever you do,and although red pill is amoral, I suggest you don't do the lying thing.",0
"Many people misunderstand that phrase. Understanding sexual nature for what it is ammoral, but our actions that follow from understanding that do carry moral weight. Anyone who tells you otherwise is coping hard. If you have a girl that was about to cheat on her soft and weak bf with you, but you also had a crystal ball. The crystal ball showed that if you and only you fucked that hb7 the dude would kill himself. Would you not be at fault for his death? You would (have fault), and that counter example is one of many I can give which shows the gross misunderstanding. The concept that any action one does being morally excusable in light of red pill truth is incorrect.",0
You can sublimely let her know you are all about protection but are not ready to commit to a single girl.,0
"I'm going to start changing the tune. I usually say her body is mine, but she for the first time said my dick is just for her. I like throwing in the protection aspects during sex, it makes it better. Trying to change this tune will be new.",0
"Over analysis is common in you I think,you transcended too much.it doesn't have to be a Jedi Order Moral Code of Conduct discussion. If it's gonna be a pain in the ass to lie to her for whatever reason,and keeping that frame up then don't do it.",0
Thought it was just sexual exclusivity. I feel like we're just going with the flow.,0
"Exclusive by default cause you weren't fucking other chicks. You shouldn't have agreed, she's in a meat market and can get new dick whenever she wants.",1
My choices,0
I don't understand why your choices are limited. Since you flubbed already it will be problematic to now change your mind on her. I would just fuck another chick when and if that happens and then tell her the truth and tell her it's okay if she doesn't want to continue,1
Don't go exclusive with women you don't want as a girlfriend at some point,0
I'd just add this:,0
"Taking Care of Yourself:
Don't Isolate Yourself: Even though your wife might have discouraged friendships, try to reconnect with old friends or build new relationships. Having a support system is crucial for your mental health.",0
Revive Your Hobbies: Rediscover the activities you used to enjoy. This can help you feel more fulfilled and provide a healthy outlet.,0
"Seek Help for Suicidal Thoughts: If you're contemplating suicide, please reach out for immediate help.",0
"This is a red pill forum and it is expected that anyone coming here has read basic red pill materials first, which you have obviously not done.",0
"""Talking"" about yourself or your ""feelings"" or whatever the fuck your insecurities are is just stupid and totally weak and a complete violation of every single principle in RP. So GTFO here.",0
"find another woman to fuck, fix your issues, divorce her and move on. Whining isn't going to solve the issue.",1
"Worst advice ever. The last thing he needs is to complicate things by bringing another woman into the picture.
He needs to avoid women at this point. He needs to work on himself, not try and get over his wife by fucking other women.
That's not going to work. He's already in a vulnerable mental state. Another woman would only exploit that weakness.",0
First things first:  DO NOT hit the eject button. That is losing. And your children will never forgive you. Don't do it.,0
"Second thing:  You need to forgive yourself for your mistakes. Forgive your parents for not giving your the love, attention and guidance that you needed.  Forgiveness is REQUIRED for you to move on, to move on from being a victim.  Forgive yourself for your previous porn addiction (lots of guys fall into that trap, myself included). ",0
"Third bit is the longest. I wanted to get the kind stuff in first, because the third bit is going to be tough love. ",0
"Your whole post is a victim puke. You have allowed yourself to be dragged so far down that you are in a hole. You need to stop, reset, and rebuild yourself.  You are obsessing over whether your wife is cheating on you, but that is the wrong focus. Your focus should be on yourself;",0
"The GOOD news is that you can (and will) get out of this hole, no matter whether you stay with your wife or not. You can stand up and be a man again, and set yourself free from this bs victim mentality. ",0
"You need to start by reading. Read all you can in the side bar. Seriously, read all of it.  ",0
"Also - do you see what a trap therapy is? Therapy is never good for men. It's feminist shit, and anything you reveal in therapy will be used against you. ",1
"You need to form friendships and networks with other men. You need hobbies that involve the company of other men.  You need to transform yourself into a strong and independently happy man. You are young, you can make these changes. ",0
But change you must.,0
I made the exact same mistake with my first wife.,0
"Your problem is you're still living like you're married, while she is living like she's single.
You don't want it to be, but your marriage is over. You have to accept that. Your wife already has.     ",0
There's no alternative. You gotta rip the bandaid off.,0
"I'm going to disagree with Lone Ranger. You gotta hit the eject button. It's not losing to get out of a bad situation before it gets worse.
The sooner, the better. You cannot heal until you get out of the environment you're in. That should be your first order of business.
Your second order of business is MALE therapy. Not a psychiatrist, they'll only give you drugs. You need a psychologist. Another guy who can help you work things out.",0
"Your children will only be worse off if you keep this charade going. They already know something's wrong.
You won't be doing them any good while you're all fucked up in the head. They don't need any more trauma than they've already experienced.
I'm not saying go no-contact. You need to keep seeing them regularly. The more often the better. They don't have to know any details, just that you're working on ""something"" and that you won't be home all the time, but you won't be away from them either. All they need is reassurance you love them, and you're not going to leave them no matter what.",0
"When you finally get right in the head, your children will still be there, and they'll see the real man their father is, and not some blubbering pile of mess that looks like their father. My advice is to get out, get yourself together, and then start divorce negotiations. I guarantee you, if she makes the first move, you're going to be totally fucked, and she's already ahead of you in the race.",0
You're 38. In 2 years you can learn serious game and start pulling hotties. You will be pulling decent girls in half that.,1
"Your marriage is over, regardless of who's at fault. She moved on, regardless of whether she cheated or not. You're just living together. You should move on too, the sooner you understand this the better. Plan a divorce but make sure you cover your bases with a lawyer that can get you the most beneficial outcome for you.",0
"Your career is fine as long as you make a living and can support your kids (not her, she has her own income, you're both adults). This ties in with the divorce, talk this over with him: if you start making better money she might appear to want to reconcile and ""fix things"" only to get higher payout at the divorce. Your lawyer needs to be on your side and understand this. ",0
"You made multiple mistakes but its not too late to turn things around. Not with this girl tho. The sooner you stop the self pity the better. Same goes for ""I was abused"". I get it, but that was 30 years ago, time to live your own life. ",0
"I am very sorry to hear of your situation. I have been in a bad place in marriage too. Every situation is a bit different but I feel your pain and I know what it is like to just wish you could die (I never thought of suicide, just wished I was dead and barely slept for a year).",0
I think there are two problem areas here. They may well have quite a bit of cross over but they are probably best dealt with separately little by little. There is no silver bullet but you can fix everything with the time you have left at your age.,0
First you seem to be married to an uncaring women who takes you for granted and manipulates you. She may or may not be unfaithful but it sure looks like potential for it because she is acting in a way that looks down on you. I am sure  liberal whiner could say she was abusive but basically she is not treating you well.,1
"Secondly, you are isolated, have low self esteem and have been addicted to porn.",0
"I would start work on yourself -getting fit, getting hobbies, getting some good male friends who like you stuff. You may have to fight your wife for a bit of this (hopefully not too much if you are politely assertive that you want to get out, get fit and make friends, she can come too if she likes. Read up on cultivating self esteem too. It can be quite useful to take a cognitive behavioural approach. Low self esteem induced by a bad marriage is a learned behaviour after all. Do not relapse into porn. Don't worry about other women till they come along and throw themselves at you. They will if you fix those issues. ",1
"When it come to the marriage, make plans to exit but do nothing. The situation will develop. Either she will come around as you become more attractive and have more options and self esteem or flash points will develop that lead to a breakdown. If you exit now you are just alone in the world and feeling down, with the huge chore of trying to keep in your kids' lives. Its a big hit to take when you are down. You need to get strong first.",0
"Part of getting strong is sorting yourself financially for the potential huge hit of divorce. Put money aside into accounts she does not know about. Buy physical gold and store it someone she does not know about (preferably at another address). Learn all your local divorce laws and plan your best work around them where it is possible. Log all incidents of her abuse, maybe sending the incidents to an email account only you know the password to, then deleting them. Women can play very very nasty in a divorce and if she plays nasty, you now have ammunition. Log what the law might call  ""abuse"" but do not think of yourself as abused. You are letting this happen to you. You are someone with agency. Talk to a counsellor about her ""abuse"" of you, then its logged. It might one day get her out of your house and you allowed to stay in it. Equally make sure nothing you even say to her could be construed as abuse. Maybe talk to a lawyer prospectively. At the end of this regular process of preparation, you will either have a softer landing in divorce or you will have a nice little nest egg of savings to surprise your family with one day.",1
"Work hard on your relationships with your kids. She will try to turn them against you if you split and circumstance will help it. If you are working from home and she is working too, there is just a chance you can argue you are the primary carer and she has to leave the home and pay you to support them. If you get in on this now, check it might work in your state and put in a couple of years' work, you never know where putting in a bit more ""woman's work"" might lead you. Preparation is key.",0
"Good luck. You really can turn this around and with planning it can turn around a lot quicker and better. Ending my first marriage (my only legal one, never doing that again) was a really hard choice with huge feelings of guilt and trepidation but so good in my case. I think I would have just been a doormat otherwise all my miserable life. ",0
Victim mentality?,0
Nope. This is legit. He's in a deep rut. And this kind of rut is not pretty.,0
"They don't. Just being a ""gangster"" doesn't make someone attractive, in fact the reverse.",0
"The reason is that ""gangsters"" tend to be men who are: braver, stronger, more straightforward and honest about what they want, and have dynamic interesting lives. That's what women find sexually attractive.",0
"But are still bad horrible people that even a kid see that, so why pussies choose them regardless?",1
"There are masculine and feminine traits and men who are imprisoned generally exude masculine traits (studies done to show the average level of testosterone in prisons is very high) which women's hind brain links to attractiveness because they can be protected by them (DGAF attitude, in their own frame, boundaries, prepared to fight at any time). IMO women would rather be excited and scared than bored. Read more though you even said ""escaped from jail"" which rarely happens. They settle down with pussies around 30 to use for resources but they pine for the face tattoo drug dealer who used to cheat on them",1
Lmfao that was a good read.,0
"I wrote ""seems like escaped from jail"" didn't mean actual prisoners ",0
Oh mb bro i read it literally,0
Not all women do that. This is taking trp to an extreme.,0
classic NAWALT,0
"Yes all women. I meet a traditional girl on a vacation trip recently with only 2 body count who just broke up with her ex BF which she's been in a relationship with for 7 years (since a minor). She kept telling me: ""Oh my god you're a criminal. I can not date a criminal..."" - well.. same night we smashed",1
thug lyfe,0
Word.,0
"Society may call them losers, but society treats criminal and gangsters like theyre ""cool"". Also lots of criminals have dark traits associated with alpha males.",0
The thing that most gives women the most tingles in men is 'unsuitability'.,1
"Chad is a DJ, rents a room in a house share, motorcycle, debt, most of his friends are drug dealers, lives only in the night, a gold tooth, fucks 3 chicks a week, 4 baby momas chasing payments. Has a great reportoire of pick up lines. ",1
"Brad was an A student, graduate, tax attorney. Has own house, wears tan chinos and blue shirt, prius. Keeps a selection of coloured pens in his shirt pocket. ",0
Which one gives tingles?,0
Brad is very suitable as a husband.  But here's the thing: women dont' want husbands for sex. They want husbands to pay for their lives. Suitability never gets the panties moist.,1
"Tbh - I am much more like brad than Chad. I'm a highly educated, highly skilled specialist, with high earnings. But when I was single and on the prowl, I would fake my 'unsuitability'.  If you are a genuinely nice guy, you need to hide that shit very carefully. You need to pretend you are an asshole, and act accordingly. ",0
"When I met my current wife, she told me later that she said that she remembered exactly when I walked in the room. She remembers what I was wearing. She said late that she knew that I could have gone home with any woman in that room if I had wanted. And that is what made her want me. ",0
Women only want men that they think can fuck other women.,1
I also wonder how closely its related to being unable to be manipulated. No one can tell Chad shit. Not society. Not women. Not other men. Brad bought into the life others told him to have. The women knows she can probably manipulate brad and thats unattractive.,1
Would she ever date and be in a relationship with Chad the DJ though? Most likely no. So some girls choose guys for relationships and guys to fuck. Some Chads are not boyfriend material and girls will reject them for relationships,1
Some girls straight up wont date a fuckboy even if he has high smv and can get other girls,0
"Some women will try to have an LTR with chad the dj.  And then end up on 'are we dating the same guy?' threads, and find out that he is 'dating' (fucking) at least 5 other women at the same time. ",0
"I was reading recently about social scientists that study the dating game, and they were scratching their heads about how more women appear to be in an LTR than men these days. The difference is quite high. The difference is explained by the wishfull thinking of delusion stupid chicks who think they are in an LTR with Chad the DJ,but Chad is in a 'relationship' with 5 other women. ",1
But why would a normal brain man want to marry a pussy that drool after gagsters?,1
"Listen, when we say 'gangstas', it does not have to be literally gangsters. ",0
What women want is alpha. They want unsuitablilty. They want men that treat women like the dog shit that they are. They want men that pump and dump women all over town.,1
"Ask yourself, who impreganted all these single mums that are now on OLD looking for BB bailouts? ",1
"Unsuitable men. that's who. When we say 'thugz' we don't mean literally. We simply mean unsuitable men. Emotionally unavailable, men that fuck 3 different women per week. That is what they want. ",0
"Trust me, if you are chad, and you get married, your wife will not wan to have sex with you within a short space of time. Why? Because you are no longer chad. ",0
"its the role, rather than the man they are excited about. ",0
Because you will not find out about her history.,0
Because men are biologically hardwired to need sex. And they are culturally hardwired to link their self worth to if they can attract women or not. They are also hardwired by their mothers to feel they NEED women instead of women NEEDING them (women need men) So they will settle with a slut because its all they can get. If 90% of women were virgins the men would pick them but its so rare they are just taking what they can get,1
Why marry them if can fuck without marriage?,1
And you being a Brad married a female drooling after thugs?,0
Basically you are saying you become the paying simp for a wife that don't want sex with you,1
Where is the contradiction?,0
Have you not read about 'dual mating strategy'?,0
"In my own case, it was not 'thugz' that my wife is drooling over.  I was a chad when I met her (single, tall, ripped, banging girls all over town) so she was very enthusiastic about sex with me. But now I'm married, so I am an incel (involuntarily celibate).  When you marry a woman, you transition from chad to brad - you have become beta, the dryer of panties. She knows I am not out every night slaying pussy, so she is not interested in me sexually. ",1
Women never want to have sex with their husbands. You have a lot to learn.,0
"So why you married her??? Why? How you don't understand the contradiction, you known that you if you marry her you will become her beta simp incel, so why you married her and still didn't divorce???",1
"I guess you have all the answers, and I have none",0
"Not exactly the men,but the traits. They fall in love with the idea of a man,with a lifestyle. She can have the same excitement from tattoo artists, skaters, MMA fighters. But some people like trash, that's unavoidable, maybe you're trying to see a prude princess when you're looking at trashy girls. Trying to save them.",1
Chicago mafia boss Sam giancanna was a big simp and almost a certain horrible lay to a lady named Phyllis McGuire. Giancanna thought it was a flex giving thislady millions in diamonds and furs. McGuire thought this was proper. The BP has long deep roots.,0
Well some mafia men become  gangsters to get money to impress pussies because they don't know other ways.,1
"I guess because we're hard as fuck - it takes high testosteron to go against the law and we have street knowledge + interesting stories.
Hybristophilia is a real thing",0
"No, it takes stupidity, criminality and being a shitty person to be a gangster. Nothing to glorify about. Deserve just jail ",0
"Because they’re stupid that’s why. It’s really that simple. I know a girl who’s into toxic men, loves to talk about her “toxic ex” and all the bad things he did to her. The problem? It was 6 years ago and she still wears his engagement ring (not on her ring finger but still wears it). So he was toxic but she still wants to wear his ring…..6 years later. She’s goddamn stupid. She recently was evicted from her apartment for not paying rent so apparently she’s going to be stupid for life. ",0
"Yeah we all know females are stupid, but I'm trying to understand the dynamic about them choosing the thugs, what's the emotions they get? What to learn from this and to use it in our benefit",1
I had already reposted this some months ago but before I was doing OG flairs. With this posted I'm now finally caught up bringing these posts over here from the reddit so there will only be one per week from now on,0
This one should be a permapin at the top of AskTRP as it basically covers 99% of the retarded questions that show up there.,0
Same source problems every time - lack of proper self investment and way too much investment in getting or keeping the interest of a particular vagina bearer.,1
Self inflicted. No one wants a lifeguard that can't even keep themselves from drowning.,0
Honestly it probably should and it should also be in the sidebar imo,0
I'll probably crosspost it in AskTRP some time soon instead of double posting it in full,0
"Thank you for this posting, which is full of useful reminders. It's the sort of content I used to devour in the Chateau Heartiste days. (I never posted at CH, but I still have a few screenshots somewhere.)",0
"No problem, my goal is to find the most profound posts from the OGs till I run out of profound posts.",0
"I'm glad this one was of service. I'll look in to Chateau as well, though I'm not sure he ever posted in red pill ",0
"Only way is to get them yourself. Each hot girl you get, you unlock confidence. Then you do it again, and again then again then go hotter. Thats the only way. You need to know you can conquer them, only then will they lose some of their power (beauty) but not all. ",1
You are posting the same thing over and over with only small variations.,0
You sound like a young guy that has simply consumed too much porn.,0
"As a result, you are have the Madonna / whore complex, unrealistic expectations and you are not attracted to women on your own level. ",1
"Which means you get none. Which is why I can smell the incel vibes from here. And if I can, the women can too. ",0
"And there's nothing, nothing I tell you that gives women the dry panties like the incel vibe. ",1
My finger is hovering the remove button whenever i see your posts. Where is that field report?,0
Check my latest post,0
"I know somebody will say “they eat shit and piss like the rest of us""",0
I certainly do not eat shit and piss. That's disgusting.,0
Poetic,0
"V-Rx should do as he promised & remove this since it's not a field report. The fact that despite you supposedly being obviously physically fit, you still are getting rejections like this & having these ideas despite supposedly reading everything they told you to read about game, etc leads me to conclude you have bizarre, autistic interactions with women. I believe you know this, which is why you haven't posted even one text conversation to be assessed in all these posts of yours. As I've stated before on here, before people like you try to get females you need to master basic human interaction & communication, I'm sure you have problems with your male relationships as well",0
"Check my latest post. And no, I don't have problems with my male friendships. ",0
lol read his field report text screenshots,0
"I think getting experience of women will help. Even just working alongside them. It is a problem though that men do do this to women. We are all vulnerable to it. We are wired to find them special. It takes practise and familiarity but also constant vigilance. Putting attractive women on a pedestal is quite instinctive. That is why they get nice jobs, why other women even are nicer to them, why they can go through life without any problems they don't thoroughly deserve because people all over are clearing princess' way in small things. ",1
Stop caring about women for a certain period in time. Just focus on making yourself THE MAN.,0
Lift. Attain low body fat. Make bank. This will boost your looks & confidence.,0
Yep. Already have the first two and working on the last,0
The simple answer to your question:,0
fuck a lot of them. then it won’t matter.,1
Cant fuck them w/out depedestalizing them first. guess im stuck,0
Work on yourself man idk,0
"There is probably a lot more going on here than just being a virgin.  You also mention that you are fat, don't drive and tbh, you write like a 12 year old. ",0
I am doubtful whether fucking a whore is going to solve any of your problems.,1
"well you cant read apparently i said i ""was"" fat and yeah i cant drive its expensive and im a carer for my mom so. i appreciate the English lesson ",0
"You appreciate it, but you still refuse to you use punctuation. It's hard to take you seriously, if you can't put in the least bit of effort. ",0
Male virginity doesn't mean shit. It doesn't matter how you lose it.,0
"If you were 20 I'd be saying dude don't fuck an escort but at 30 dude you have too many fucking mental hangups about sex. This is late to lose it, you need to just get it over with at this age.",0
I don't know what the legality of your area is so that's a #1 concern. If you live in an area that has legal prostitution that's one thing if you're in an area where this has to be more back pages type shit i would seriously not do it.,0
Hit tinder or fuck a club slut if prostitution is illegal in your area. Male virginity has no value just lose it to someone who you don't think will make your dick fall off and definitely wear a condom,1
yeah theres alot of things tied up in the virginity thing not just no sex because its not crazy but i've had 0 experiences with women i've never even had a kiss so,0
eh its not legal for sure . Online dating is a waste of time I'm too ugly for it I've had 0 success i cant really go to clubs my city don't allow men alone into bars plus i don't drink and i'd be way to anxious to approach group of women anyway who I'm sure would just reject me guess im just paying to not be rejected lol,0
Jesus Christ dude,0
"Without doxxing yourself where are you at? A big City, small town? Give us some gist of your shit hole ",0
England sort of smallish city England is pretty depressing dump,0
Is there not anything more exciting within a 30 minute driving distance?,0
"For example, if i want even easier pussy than my area i can drive an hour to the next city over and chicks there will ask me to go home with them",1
i don't drive sadly. the closest big city is far away from me but i don't think it make much difference if im honest,0
Lucky you,0
Okay  the more you respond the more it's apparent you have an opportunity choke point edit: i meant bottleneck,0
There's a lot going on here for you,0
yeah very much so kinda just stuck i dont have the ability to use tinder or something and get matches in other places lets say either,0
"If you are going to do it... Pay an expensive one, those hot 19 college slim whore who charges a lot.
Because, why not. If you gonna do coke, better go pure.
If you pay a $50 fatty... Yeah, regret.",1
"I'll tell you my experience: I paid once, more than 10 years ago. Got a half-dick. Cummed inside her (in condom) cause i didn't know i was cumming, because i dind't felt, because i was nervous and half-dick. So, yeah. You can expect this because there will be no intimacy. But if you pay a slender young hot bitch who kiss and suck without condom, at least you'll enjoy. But won't have any pride.",1
hahaha true i thought it cost me like 100 but alot more but its worth paying more for a 10,0
yeah it doesnt seem like the greatest experience i'm not expecting my life to be changed lol just get the experience since IRL its just not possible atleast get my 1st kiss...kill me,0
"Yes do it. You are in control of the encounter bec you are paying. Do your homework and find a decently attractive one. And dont be a tool omega and fall in love with her. Its just business. Don't go with a slag in your area. Take a train to a larger city like Birmingham. Pay up but not super high end. No Shame in it. Take control of your sex life if you want one. No one is going to do it for you. Especially women..  Don't allow the matriarchy, the Anglican church, obedient males or anyone else tell you what to do. Go in and fuck her with pride and confidence.after Start losing weight and learn how to get chicks.. you can still use escorts  in the meantime to learn some skills. ",0
"Getting accustomed to good looking escorts will build your confidence with women. If you do-nothing your current life is your future life. Don't be the guy on reddit in 15 years writing girls don't like me, never held hands, a 45 yr old virgin. This is your crises point. Act now to change your destiny",0
FACTS mate i appreciate it i didnt think id ever be the 30 year old virgin fuck being the 40,0
"Its legal in UK. Brothels (places where more than one whore works) are not legal but prostitution is fine, so relax there.",0
"You can come at this slowly. Some call girls have a service for introducing men to sex. This may be worth seeking out. You don't have to do it all in one go. Just get used to the physicality of women gradually and relax into enjoying it. You can even start with just a massage from a non whore to get used to being physically close to women. A whore is a present you bought yourself, so enjoy her. Treat her well -as you should any employee- try to make her work experience easy and pay fairly but save simping or gift giving for real girls. You are allowed to just enjoy yourself. You don't have to do anything right like you might to make sure a girlfriend climaxes. You paid for it, enjoy it. She will be happy when you cum and she knows her work is done.",0
"Remember whores are usually piece workers -they are generally paid by the nut. Sure if you pay her for an hour and cum twice its all good but as a general rule the client will cum and be done. So long as he feels he has had a little squeeze, a little fiddle, a little ride and shot his load, he will go home happy and she can get onto doing something else -like texting her friends or busting another guy out for the same amount of money. The average whore, particularly the cheaper ones want to bust you out and get onto the next guy's wallet fast. A nervous virgin coming into this may not get the best experience. I would recommend initially approaching a whore for ""driving lessons"" -where she knows what she is helping you with and expects to work the whole hour or whatever you book her for. (An hour at first might be a good idea but use the first half to relax and just cuddle and chat at the start). ",1
"Kissing whores?! I wouldn't. You know where they have been -everywhere. I also wouldn't go anywhere near any other orifice with your mouth unless you were HPV vaccinated and even then best not. In your shoes I might be tempted though as you want to learn things. If so, when you make contact, ask her what hours she works. Then book her first appointment. Unless she is a crack head or something else skanky (the bargain end of the market), she will at east wash before work and will have eaten and cleaned her teeth since her last blowjob. Otherwise you are licking some other guy's saliva and maybe worse plus a wide sample of other guys' bacteria.  ",0
Do not book more than one session at first. You might not like her personality enough to really enjoy her and some women are just not very attractive physically to some men no matter what they look like.,0
"Once you have experience of the act, you will probably want to know how to please women physically. Remember this takes time to learn and that women are like cars -the mechanics are roughly the same in all models but different models drive very differently. Whores can help you here but remember they are entertainers first and foremost. They act experiencing pleasure so you experience pleasure. If you want to know how to please women, you will have to ask them to explain and how you. They will lie about whether or not you are pleasing them. So if you just start rubbing on their clitoris they will give you the full fake orgasm routine in quick time -so you get on to busting your load. This leaves you non the wiser except that you have touched a woman's clitoris. However if you ask for instruction and ask ""do I do it like like this or like that"" ""How much pressure?"" ""Long strokes or circles"" you will probably have learned something useful by the end, even if the feedback has been over enthusiastic. ",1
so best go through a brothel ? i dont understand how i tell them im a virgin and the driving lesson thing do i do that prior to booking or when i meet them ?,0
I absolutely agree about getting to relax around women especially in terms of sex and being naked the idea makes me super anxious having time to chill and unwind before would be a big help,0
just the whole talkign about sex and stuff makes me nervous lol i need time to relax but i guess it just means ill have to spend more money to get more time with one,0
Find one that you like. Remember you are in control of the transaction not her. She may ask if you want anything special. you could text her or emsil her saying this is my first time are you good with that. The guy above had good advice. She's going to know you have anxiety issues. It's OK. Youhave to break thru this not being able to talk to women issue. After 4 or 5 experiences that will fade. This is why going this route is good for you. You are lucky your only 30. You can turn all this shit around. You are demonstrating you've got balls. A lot of guys in your situation are afraid. And do nothing.,0
Not all escorts have a heart of gold like in the movies. Investigate and research like your buying a high grade product like a pc. 1. Does she have reviews. Do other dudes vouch for her. There are review sites on line. Hate to see you get scammed the first time. 2. Your first experience may not be great or what you expected. Thats fine. Your doing this not only for sexual experience but also social. 3.know what the cost is going in. If she tries hitting you up for more money stand up for yourself. Tell her forget it. That's all youhave. Be willing to walk away with your money. She sucks anyway. There are a million escorts nowadays competing for your biz. 4. Be courteous and considerate. Do not become a simpy pushover.. don't act needy. She's not your mother. 5. If she asks why your a Virgin. Tell her your busy at university or working all the time. That's it. 5. Do not pay a deposit. Cash in envelope when you arrive. Don't go low end. Go middle grade. If she works out of a pretty decent hotel its a good sign.,0
"Lastly turn your fucking life around. Read all the sidebar info 2 or 3 times. Forget all the bullshit about love and romance you've been led to believe. Go from ugly guy to masculine man. You start by building your body. Hitting the gym. Lifting. And running. If you are lazy none of thus will help. Only you can fix you. Stop being passive.  Keep in touch with your progress. It'll take a good 3 years to improve your looks, mind, and confidence. People who knew the old you won't recognize you. Get to work. ",0
All solid advice here.,0
Thanks man i appreciate that yeah i think same if i pay i can learn to just be around a woman if anything as its a big issue for me already the other stuff can be a cool bonus,0
I appreciate all the words man it means alot thanks,0
No reason not to use a brothel but its illegal and more of a production line.,0
"This is not my subject area -I frequented a brothel for 2 or 3 months a couple of decades ago but that is my only actual experience with whores. I do however have a close friend who seems to have huge experience with the area. I understand that you can research individual call girls, look through their pictures and what they say about themselves  and then just email or message them to set things up. You can start it all by message first which is less embarrassing. I think you just have to find the sites a number of call girls advertise on and filter for area and your preferences. ",0
I think it would cost more setting up something more bespoke but I think it could be really worth it in your situation where you just need to relax and get experience.,0
Looks are not everything with enjoying a woman and you can probably save a bit by paying for 8 out of ten but with a good resume -maybe mentioning introduction to sex- and a kind face rather than 9.5 out of ten who knows she can get easy money from anyone and may not work as hard to relax and please you.,0
I appreciate the help. yeah for sure i think its goign to cost alot more than i imagined but im fine with saving for that if its the best suited thing,0
"No problem. Once you get to work on the improvement phase, lifting running body you'll start seeing positive changes by Christmas. This will bring greater confidence. Once you have the basic women issues cleared up you'll realize that they are not goddesses. They cannot do a fraction of the stuff you can do. They are not your judge. Talk to them like you talk to us or your guy friends. This is key. No woman gets any special treatment from you unless it's deserved. Reciprocated. Special exception for helping old ladies lol. That's OK. ",0
Eventually you'll be able to pass on what you learned and help other guys climb out of the hole you were in.,0
"Ask questions, post progress reports, girls you meet irl. Read other posts.  Educate youself until you know the sidebar info inside and out. You'll start to learn game and use it. But most of all understand why it works. It's not easy. Crawl before you walk. We want you to succeed. ",0
I believe its the rational male that mentions a great point. Women had their trad roles as wives and work they had to do. Women were observed enjoying their efforts.,0
"Man decided that since hard work keeps us from doing what we love, we projected that desire for freedom on ti Women. We did this by automating the work Women would do.",0
Now Women don't do shit and just expect shit. The men in their lives were also doing shit keep them and their wives happy.,0
"I personally believe that if you don't want to do something, you say No. Be direct, be selfish, they can do it ",0
"Or you can flip back on them. ""Babe grab me water"". smacks ass ""thanks grab me one too"". Tried that once and they do that shit right away.",1
Matter of choice.,0
"If all men would say today: 'Hey, no money for me, then you don't get: no dick nor protection nor attention'. You'd be swimming in pussy and money and would have life of leisure.",0
What we have is nature trying to balance.,0
"Nature is not perfect. Homo sapiens killed many other species, it means the other species didn't go well with mother nature. ",0
If you read Calhoun rat/mouse experiment you'll see eventually that we can become extinct without even firing  one nuke.,0
"want me to ""work"" for them",0
"don't, be demanding and observe, the only limit you'll have to see the pattern,  is sample number",0
"You know, women do their best to betaify you in ltr so you stay theirs. Doing things is just another form of service, just like they expect you to look after their baby and them until they die.",0
"It's just how people are raised these days. Girls learn at an early age to get men to do their work. Whether their dads, boyfriends or society. They can observe their moms, see it in cartoons, watch their classmate get a free icecream by being cute to the seller, it's everywhere.",1
"I almost never do anything unless they've done or will do a lot for me recently. I see it as a fair trade, not something they can get for free for being a woman.",0
Compliance test.,0
"If she ain't providing value to you, just don't reply. Say ""can't I gotta do x that day. Ask someone else"" ",0
"If you can afford it,get someone else to do it. Its on their DNA,you are supposed to provide safety and resources, they look pretty",0
That's why one shouldn't lead with money/resources/provider vibe.,0
"Lead with fun, excitement. DGAF attitude.",0
"Fuck her, use her (like she desires), toss her to the side. Rinse and repeat. ",1
But why do they view the guy that provides safety and resources as undesirable for sex and LTR(then settle for that kinda guy when they hit the wall)?,0
"Because they do,it is called Hypergamy,there's a term for it,it is in their genes. If you can provide safety/resources and still be fuckable then you're doing it right. You should definitely NOT worry about the safety/resources until later on in a relationship,and she's probably gonna be the first one to talk about such stuff. Most women I know are my age ended up focusing on career and they live pretty economically stable lives,but they're disfuncional women and can't keep a man. Keep trying but don't expect Miss Perfect.",1
Women make ZERO sense.,1
"This guy is a ""provider"" and is faithful = Lame",0
That guy obviously has options and WILL cheat on me/fuck other women = how exciting! let me go for him.,0
Then they cry later.,0
"Women are mostly sex objects to us,  and occasionally (heh,  rarely) add other value. ",1
"We are mostly utility objects to them.  They will almost always try to neuter us,  put us to work,  and then lose attraction to us as we cave to them. Much of TRP & especially MRP is learning how to counter that loss of attraction. ",0
"Check out the book ""Practical Female Psychology For The Practical Man"" by Joseph South and David Franco. ",0
Men and women have evolved to have a division of labour. Its just natural. Just as we feel more happy than we really should when we get our meals cooked and our clothes washed. Its not like we can't do these things ourselves but they make us happy.,0
"Of greater relevance, it should also be noted that Courtship works according to Briffault's law. The woman receives benefit. Women need continual courting. They need continual benefit. Once things get past the benefit of tingles, they want to see something useful. ",0
It's called gender roles. It has become less relevant over the years as life gets easier. There was some reality TV show where a couple made a homestead. They learned really fast that she couldn't lift a plow and he couldn't cook.,0
"As for modern women using men for their own personal gain, that's just because guys are simps. ",0
"Read the manipulated male ester vilar. You have a lot to learn OP with a question like that. Many LV guys, nice guys, romantic guys, offer this kind of thing up front to their detriment. This is where she'll be having sex with another male and the above guys become her friend and chauffer. They are another form of orbiter.",0
It would be an easy fuck man but idk. If she wasn’t married and just some dude’s girl I’d say fair play.,0
Married with kids… idk man you’re participating in adultery and ruining a family. it’s where I personally draw the line you’re free to make your own choices,0
TL/DR: A self-declared beta orbiter asks random internet strangers if he should be a complicit participant in the destruction of a family.,0
"""We will watch your career with great interest.""",0
"1- It's already destroyed.
2- It's the man fault. Those who slip, fall. She made implicit that ""he got her young"", he was more than 10 years older, got her at 21, end ended up never ""becoming relevant"" as man. It's just a boring older guy. It's good hearing this to keep ME in check with ""chips and videogames"". That's what i care. Her family is not on me.",0
"3- If you don't know why this post is here, it's because you don't have the experience of being shit - level up - and see people treating you differently and get confused about the best approach from there, because you either started up there or is still down there. Either way, I pass the moralising. I'm asking as practical advice about the bad consequences FOR ME. This woman will give her ass to another one any day anyway.",1
"I don't think its the man's fault if a woman is unfaithful, its the woman's fault if she breaks her side of the deal. Yes women are weaker than men but they still have moral responsibility. I am not moralising about if you bang her or not -as men in your position usually say ""its not me who is married, its not my family"". He is not your friend or relative and she is the one being unfaithful. But I don't think its healthy for men to be blamed for women's weaknesses. ",1
"I think it its healthy, so you don't slip. It's like saying ""its your fault being poor"". Well, it might not be and it's debatable, but if you take 100% responsability you lower the chance.",0
This kinda moralising bs doesnt belong here,0
Continue on your path of self destruction then,0
"It is against the rules. You're not objectively wrong, it is what it is, but red pill is a toolbox. You can use the tools for what you want, moralizing it is against the rules even if it's amoral ",0
A) coolsocks isn't OP,0
"B) he's right. Moralizing is against the rules at TRP and askTRP. it's about strategy, and strategy is amoral. ",0
"For all that I too disapprove of sleeping with married women, I'm going to focus on the practical consequences rather than engage in any moralizing when I reply to him. ",0
"You create the world you live in. If that's ok with you, then carry on.",0
"It will start as fun, it will either fizzle out or end badly.",0
She is needy and she is disloyal and selfish. You would be best to bang and get out quite rapidly.,1
"Noted, thanks.",0
"Red pill is amoral so I'll keep the preaching for some other time. I say go for it,she is clearly going to do it with someone,might as well be you. Just keep it casual, be invisible and let her do the logistics,you should have plates in the meantime. I don't see why she would cause trouble for you, if she wants it she'll make it happen",0
Yeah why not. I did that stuff when I was younger and low SMV. Lots of loose cougar pussy and 8hrs of dick soaking inside them.,0
Don't fuck with married women. It's how you get killed by a pissed off husband.,0
I'll read this later but another novel about the same bitch??,0
"Dude, internalize RP. You're consistently not internalizing anything. Don't even have to read your post to tell you why she lied. But I'll read it later ",0
"I will state what I said a few days ago in a reply to another user: I can tell you're a young man, 21-25. This post is a prime example showing how you young guys are getting more and more feminine. This post is something I would expect from a woman in anguish after finding out her man isn't hers alone. First of all she lied because she was attempting to monkey branch from her man to you. This actually shows that she views you as high value yet your on here crying about why she lied instead of relishing in the fact and understanding that that is female nature. Secondly, like V stated, you need to internalize RP and be a man. This is pathetic and, like I've been stating, the reason why men like me who are at the most a decade older than you, successfully competing for women your age, without being very wealthy. This post is disgusting",0
Thank you.,0
I don't know what OPs actually internal problem is but i suspect it's fake alpha. Enough rote memorization to pull a lot of hoes but not enough actual substance underneath the surface of it all. Banging whores for exp only goes so far and only requires a formulatic approach to acquiring women.,1
Acquiring and keeping anything other than a hoe requires an actual understanding of women. I think OP is stuck in a hoe-acquisition cycle because he can't get or keep much else and now he's on the finding out part of getting emotional close to another crafty hoe.,0
"Sure, she lied, but she was always a hoe and OP  treated her like she wasn't one and now he's confused",0
"The answer is only skin deep here. She was a lying hoe, and OP treated her like she was more than one and is now trying to find meaning it. That's it. She was only good for recreational use and OP is wondering why a woman with no commitment value would lie. She's a hoe. That's it. Any more philosophical masturbation over why she did it is a disgusting waste of time for OP",1
Concise summary,0
She lied because she was attempting to monkey branch from her man to you,0
"Trust me, I know this. Its actually why im making the post trying to figure it out. Because despite this very strong indicator, when i pursued her for a relationship (After she dropped the hints), she still rejected me. And even DURING the rejection she still kept it a secret. By that logic how could she both reject me and want to monkey branch to me? If you reject someone, you close the door on them not leave it open. so they stop asking or ""bugging"" you hence the whole ""I have a boyfriend"" card women pull.. ",0
"Im not whining about being the superior branch, im just trying to make sense how despite that evidence things fell this way. I literally do not understand it. And were not even on talking terms anymore. ",0
"I felt extremely high value because i made her cheat on him with me, and i was her alpha basically. But now i cant help but feel that she thinks hes better than me. She literally chose him over me. ",0
"You do not understand women, something you must address. You were spending all that time together, cuddling, having raw sex, etc. Thus, you were her other boyfriend, didn't have to officially say it. So for you to go on a date with someone else after all that is the same as you cheating. The point is it doesn't matter. What you are doing is seeking closure, a typical female act. This is ridiculous and, although it makes it easier for us older folks to take your women, will do you no favors as you get into more relationships. You need to 1) understand female nature & women on a personal level & 2) stop emulating female emotional behavior. It's fascinating how little you understand why they behave like they do yet emulate their behaviors such as finding closure, developing oneitis, etc",0
"I agree with everything but the ""going on a date with someone else is the same as you cheating"".. thats actual bullshit. Im assuming youre an older guy from the way you write, but in this generation it is NOT the same. Nowadays you are non-exclusive until its talked about. Ive lived in USA and Brazil and Colombia. Its the same thing in all these countries! Its universal. Its hilarious how many fwbs act like bf/gf with each other. It doesnt mean anything until exclusivity is discussed.",0
"She even told me herself, she asked if ive ever been unfaithful. I told her ""not in a relationship"". She asked me that maybe 3-4 times (which i thought was weird). I had the same asnwer, she completely understands that when a man isnt in a relationship he is non-exclusive. ",0
"Am i seeking closure? Yes. But not from her. Just from a male dominated group. I need it to help me move on quicker. Its just easier for me. Seeking closure is not feminine, its just understanding and internalizing what went wrong/right, to learn from. Its literally how men learn things when they fail.",0
"You remind me of myself in the sense that you seem very intelligent, almost to a fault, and that you over intellectualize things, seeking a logical explanation for events.",0
I've learned over the years to try to stop doing this.  They are squirrels that chase dopamine and resources; leave it at that.,0
"I'm not saying that you 2 were exclusive, I am telling you how she viewed it, despite nothing bring official. A constant RP theme is too never listen to a woman's words, view her actions, yet you're here stating that nothing was verbally agreed on, like that matters for a woman. And finding closure after a breakup is almost a solely feminine behavior. I've never hit an ex up asking why didn't it work out. But women typically may come back after a few years just to find out why. A man with options and a solid foundation wouldn't have time to ask around, he would be continuing on his mission or with a replacement ho right now",0
Wanted validation that another man could want to ltr her or considered branching but didn't,0
It's not complicated dude. She was a lying hoe playing lying hoe musical branches,1
"Facts. But why would she still lie about being single during our ""break up"" talk? Thats the biggest mystery here.",0
Is this a serious question??,0
ASD dude. This is what I'm talking about with you not internalizing basic RP.,0
She wanted to be the solipsistic cake and eat it too slut she was without anyone judging her being the cheating slut that she was.,1
Some women just have no shame and will lie about their sexual ventures even when given a pass,0
"I’ve always read the “I don’t have a boyfriend” as showing sexual or relationship availability. In this context, trying to keep the door open to me if things go left. In my case ltr is off the table",0
To me it’s the classic monkey branch foundation,0
"Ya know, i don't have a boyfriend often just means they don't have a boyfriend...",0
"""Sir do you own an electric vehicle?""  ",0
"""No I don't mr salesman""   ",0
"""Okay great that must mean you will buy our electric vehicle now, cash or card?""   ",0
You see how dumb it is to assume relationship or sexual interest from a tidbit of information? Gotta lay off the autism man.,0
"""I dont have a boyfriend"" when she clearly does indicates branch swinging or cheating behavior. We can split hairs all we want , but i know if you saw a text of your LTR telling a guy she didnt have a boyfriend you wouldnt be cool with that.",0
"""I have a boyfriend"" = rejection = dont ask me out, im not available, but im putting you down nicely. Thats why girls say that shit to incels all the time hahah. First words out their mouths.",0
"And also if we wanna get really specific she wouldnt need to add that in her break up text to me. ""I cant be in a relationship right now"" is enough. The fact that she added a reason and then capped it with ""Thats why i dont have a boyfriend"" is her going out of her way again to tell me that unnecessarily. ",0
I'm going to split hairs here.,0
Some women are liars. Liars lie. That doesn't mean i don't have a boyfriend generally just means they don't have a boyfriend,0
"And also if we wanna get really specific she wouldnt need to add that in her break up text to me. ""I cant be in a relationship right now"" is enough. The fact that she added a reason and then capped it with ""Thats why i dont have a boyfriend"" is her going out of her way again to tell me that unnecessarily.",0
"Also, why the fuck are you having a relationship conversation with a woman? That's her job dude. Man, hit the TRP correctly ",0
"Because she blocked and deleted me when i played it cool. If you read closely, I didnt bring it up initially. ",0
"Her: Have you been with other girls? Me: Sometimes, have you been with other guys? Her: No, just you. End of Convo .. My plan was to just operate per usual. Never bring it up until she does. I was prepared to play the patience game. She ended up sucking my cock right after. Then we had sex. She immediately wanted to leave after we cleaned up after having sex. I knew something was up then. ",0
"I walked her out, we were civil. By no means did i think we were done or anything. Nothing alarming but she didnt wanna cuddle and have more sex after i told her that. I walked her to her uber She left and thats the last time i saw her. I knew something was up but i figured she was just having a small jealousy fit shell get over it and pursue me hard. I hit her up a few days later to set something up. I was blocked. Two days later, deleted my number (on whatsapp you can tell when someone does this).",0
"I did not bring up the relationship. She got mad/jealous. Only at this moment I felt i NEEDED to bring it up. Thats when I hit her up on my second number, and told her that I did want to be with her, told her i made a mistake i shouldve said something at the time etc. Then thats when she rejected me anyways.",0
I never truly pushed for it. I was unspokenly ultimatum'ed. She severed contact right away after our last date. Thats also why i dont think she was looking for validation as you thought. She had the actions of a hurt girl.,0
"Let me make this clear: I never brought up that convo ""are you seeing anyone else?""... I never brought up the emotional ""I love you"" ""I miss you""... everything was initiated by her and on her timing. Thats a formula that has ALWAYS worked flawlessly for me. Let them bring it up. Reciprocate 2/3.",0
"You had a relationship conversation with a woman (for one, which is a huge NO NO)",0
"And two, AFTER she blocked you??",0
"Jesus Christ man, talk about being in a woman's frame and wanting to start off a relationship with that petulant behavior ",0
You need to learn red pill. This shouldn't have taken 5 paragraphs to respond to me.,0
Have some self respect and relearn RP,0
"In an ultimatum setting, yes. Why should I act like i dont want a LTR when i did the whole time? I saw the moment and struck. Was it late AFTER she blocked me? Most likely. But that was COMPLETLEY unpredictable to assume i would be blocked with no fall out or argument or bitch fest. We literally left on good terms ",0
"Petulant behavior? Yes. But in the same light, a bit endearing because at the time it came across as a 'hate and love are both the same thing' type of action. Like she blocked me because she was so jealous and she had so many feelings for me (this is how i read into it). Also, petulant as in only the block. Thats immature as fuck. But she never disrespected me. She didnt trash my house. She didnt make a scene on the way out. ",0
I took it as a tantrum fueled off her feelings for me. Im all for dickmatizing bitches to where they have toxic feelings-fueled reactions from the cocktail i give them. I had an ex block me after a break up and i got her back the next day. Blocking someone is a highly emotional reaction. Girls dont block guys they dont like. Its only Chads who they feel fucked over with. Girls do block creeps who they have no sexual history with and are always texting them however. But this was not the case.,0
Same with deleting numbers. Girls only delete numbers when theyre guys they are trying to move on from. Its a heavy cope mechanism after break ups. Otherwise they would be indifferent. If i deleted a girlfriend after an argument she would think im butthurt as FUCK. Then she would laugh with her friends at me.,0
"It doesn't matter how you took it, that's no way to enter a relationship.",0
You are extremely dense man,0
"Yea she had issues to react that way. Its clear she didnt have the reaction of a ""normal"" girl. But she never disrespected me outright and treats me good in person, so I took it as a one-off.",0
But but but but but but but etc etc but but but,0
Read your own comments man. Everything is a rationalization for you.,0
You are stuck on an autistic thought loop.,0
It's either or. She was good LTR material or not,0
Clearly she wasn't and even if she hadn't been cheating this is an extremely toxic way to start an LTR and she would have been a horrible gf,0
Stop rationalizing everything it's disgusting,0
"Idk if you remember but when she told me she didnt want a relationship, she said we could still see each other we normally did. I then followed up and tried to set something up. Last time we talked I tried to set up something and she told me ""Hey Im not in X city"". I asked her when she was coming back or if she moved, because it was a weird reply. Even if i didnt believe it, i just wanted to see her response. I wanted to give her an easy ""out"" to take if she wanted me to leave her alone.",0
"She left it on read. That was our last text. How would you read into that? If she wants me to leave her alone, wouldnt she have said ""I moved away"" even if it is 99% most likely a lie? Instead she didnt answer at all, seemingly wanting to keep the door open and keep things ambiguous.",0
How should I read into that?,0
"Dude, I remember your whole story, but it's still retarded, and you're still in her frame",0
Re learn RedPill,0
"Go to some other askTRP post, read from 3rd party perspective.",0
See the answers/,0
"20 replies, 20 different people, 20 different points of view and every one of them is right even if at times conflicting. GO and see.",0
"You got conditioned to certain beliefs, outcomes, expectations. Only you MIGHT know why. Anyway that's all you can see.",0
"There is a book [D Bus?] that give several [?] hundred reasons why woman will fuck a dude. If he would be bothered he could write several more books with another several hund examples  why woman: cheats, cries, have orbiters, settles after 30, lies etc.",0
"Sometimes you need to assume you will never know. It is all cool and fun to have metal gymnastics and wank, as to why something happened, but in the end this is only that.",0
I'm saying that only coz VRX says you went trough it manytimes already and he is a patient man.,0
"I can get you that you want to find the pattern,  that's how man's brain is working, but then no pattern is a pattern as well. You are trying to guess from unlimited number of possibilities.",0
"That is no different if I ask you to guess the umber I have on my mind from 0 to 1,345,431,972,716",0
VRX,0
"That is no different if I ask you to guess the umber I have on my mind from 0 to 1,345,431,972,716",0
You son of a bitch,0
I understand what's going on. I have a crazy sister. One time I was asking an older friend why she does this crazy stuff. He said it doesn't make sense because she's crazy and crazy people do crazy things. There is no why to it. It's just how that person is. Why did your ex lie? Because she's a liar. That's who she is.,0
"Some women like their bread buttered on both sides. Men are so thirsty and forgiving that women can often get away with it. The women can schedule a guy into tiny pockets of their life and so long as he gets to bang her almost every time he sees her, he is fine with it. She can cancel and re-schedule and so long as he gets to bang her (which is usually what she wants too) he is happy. Women won't accept the same form a man unless its at the very beginning of a relationship. ",0
"What this leads to is some women who just want it all and feel entitled to it all. They spin you as plates. Its slightly different but its the same result. Check out the ""main"" boyfriend. He is probably a massive cuck who tolerates all this. He is probably a wealthy beta or he is just super simp who will come when called and do what is asked. He may just be the guy she has been with for ages and all her social circle know and he tolerates it. She has now learned that she can have what she likes. She likes you being thirsty and falling for her. She knows you will look at her a bit differently if she tells you she is a slut, so she has a different relationship with you. ",0
I have been the guy like you once. All situations are a bit different but the girl I was involved with never wanted me to tell people in her main social circle that we were together. She would never admit she was seeing older men for money. (The older men were in her main social circle and knew each other!) She would say she couldn't have a boyfriend now because she was studying but that she and I would get married one day and invite all her friends including the old men (always her suggestion as I had been married once and would never do it again). Whether she meant it or not who knows and who cares but I think it was all part of the fun of having lots of options for her.,0
Some women have learned to lie a lot and it just doesn't hurt them any more. They feel entitled to it because when they lie it works 99.9 % of the time. The other 0.1% a plate breaks but there are more plates out there.,0
good stuff here,0
Not reading all of that.,0
"But, there are a couple of reasons. For example, she wants to reduce chances that you find out and contact her BF or sabotage her relationship. She doesn't want you to think bad about her for cheating or maybe even reject her because of that.",0
"W0menz are mindful about how others see them, more so than men. Keep it in mind, because it is very often a good explanation or approximation of why they do the things they do.",0
Holy shit man. Let it go. You have severe oneitis and spend hours everday thinking about this cheating slut.,0
"LET IT GO, LET IT GO. Bye Felicia.",0
Good advice here.,0
Would add: stop banging these hoes raw.,0
You were the backup plan.,0
"She lied to you because (1) she does not respect you, and (2) she was planning on presenting herself as clean (I know, unbelievable right?) if you became the main boyfriend.",0
"The main issue here (among others) is that she was playing you (telling stories, like about her n-count) and telling you lies, so there was a high level of manipulation and a low level of respect. This basically means you are low value because she was manipulating you and had no respect for you, and she is low value, too because she is flaky, insecure and dishonest.",0
"Yes, she was heavily considering branch swinging and didnt want me to find her to be an unfit LTR and/or leave if i found out she had a boyfriend.",0
"The truth is everyone is a back up plan the second you fuck a girl with a boyfriend. I understood it takes patience to play this role. And as long as shes cheating on him with you, you are the ""first choice"" here, or the ""winner"" and its just a matter of time before you can supplant him.",0
"But my post was mainly wondering, why would she still lie about the boyfriend in the break up? Before it was because she wanted to branch swing. But in her break up text she still mentions shes single and has no bf. Do you think shes still trying to use me as a back up plan in the future? It just makes no sense.",0
"Well, for starters she wants to keep her story consistent.",0
"Secondly, she wants to reduce the chance that somehow her boyfriend would find out that she had been involved with you because she is lying to him to. If she tells you she has a boyfriend, then obviously the next question is ""Who is he?"" which could eventually lead to you communicating with him--something she definitely does not want to have happen.",0
Hypergamy is primarily about maye selection. Which is largely sexual. Money matters more to women who don't have a good sexual mate pool to choose from.,0
Money also matters when she has two similarly rated SMV partners to choose from and one is richer than the other,0
"Don't get the idea being rich is hypergamy. It can be for gold diggers and desperate women but hypergamy is primarily sexual selection, not bank-raiding",0
Okay yeah I see where I went wrong. So considering she has no money issues then her sexual mate pool would almost be infinite right?,0
I'm thinking like anime bodybuilders? Do we know who the last man is?,0
So considering she has no money issues then her sexual mate pool would almost be infinite right?,0
No???,0
"Why would the most sexually attractive men want her? It's not infinitely high, she's not in the top echelons of hot. She's alright looking ",0
Probably for money or power? Idk. But I guess if there was a woman who was in the top echelons of hot who would the most sexually attractive men be? If you where to Google that there is a list and even a magazine that covers that but I think that isnt correct. Who would be considered the most attractive man from a TRP point of view?,0
You're mixing AF/BB with hypergamy.,0
"It's pussy tingles uber alles. If you treat her like a celebrity, she'll treat you like a fan.",0
Interesting. But I'm not sure how a fan could NOT treat her like a celebrity?,0
there is another saying that I like and is funny,0
don't step on your own dick  and analyse the footprint',0
"This saying is about a choice: will you act like a fan or celebrity, she will [in theory] act the opposite.",0
By not being a fan in first place. Why would you pedestalize some sit pisser?,0
Your whole post reads like mental masturbation and no irl example.,0
The reason I asked is because is if your a normal average guy I think most would stay away from someone like that let alone try to game a celebrity. That would put normal people into a terribly awkward situation.,0
"When she is that rich, she doesn't care much about money or physique, she is more into power and fame. Specially fame, think of other guys with loads of social proof via their social circles including their internet fame. Gaming her would be a learning experience, and she is not that hot to begin with. So yeah,shes into fame, social circles,name dropping and money too ",0
I understand the money part but why not physique?,0
I've been around some high powered supermodel type chicks. They are strictly using social circles. You would never get a date with her unless introduced by someone she knows. So to target her you would need to target her followers and who she follows. Come in heavy with pre-selection and mate choice copying.,0
"When women get this rich and disconnected from work hypergamy can do anything it likes. So she may want the best man in her social circle but she may be really into poetry, so she will bang the best poet she can get. A good example of that is the author DH Lawrence (son of a coal miner)  was a lover of an aritstocratic German women who was actually the sister of the famous world war one pilot ""The Red Baron"" She might be into athletes or politicians but it could be historians even. It depends wherever her interest goes. And the slutty ones just bang anything they like. ",0
Hypergamy is primarily about maye selection. Which is largely sexual. Money matters more to women who don't have a good sexual mate pool to choose from.,0
Money also matters when she has two similarly rated SMV partners to choose from and one is richer than the other,0
"Don't get the idea being rich is hypergamy. It can be for gold diggers and desperate women but hypergamy is primarily sexual selection, not bank-raiding",0
Okay yeah I see where I went wrong. So considering she has no money issues then her sexual mate pool would almost be infinite right?,0
I'm thinking like anime bodybuilders? Do we know who the last man is?,0
So considering she has no money issues then her sexual mate pool would almost be infinite right?,0
No???,0
"Why would the most sexually attractive men want her? It's not infinitely high, she's not in the top echelons of hot. She's alright looking ",0
Probably for money or power? Idk. But I guess if there was a woman who was in the top echelons of hot who would the most sexually attractive men be? If you where to Google that there is a list and even a magazine that covers that but I think that isnt correct. Who would be considered the most attractive man from a TRP point of view?,0
You're mixing AF/BB with hypergamy.,0
"It's pussy tingles uber alles. If you treat her like a celebrity, she'll treat you like a fan.",1
Interesting. But I'm not sure how a fan could NOT treat her like a celebrity?,0
there is another saying that I like and is funny,0
don't step on your own dick  and analyse the footprint',0
"This saying is about a choice: will you act like a fan or celebrity, she will [in theory] act the opposite.",0
By not being a fan in first place. Why would you pedestalize some sit pisser?,1
Your whole post reads like mental masturbation and no irl example.,0
The reason I asked is because is if your a normal average guy I think most would stay away from someone like that let alone try to game a celebrity. That would put normal people into a terribly awkward situation.,0
"When she is that rich, she doesn't care much about money or physique, she is more into power and fame. Specially fame, think of other guys with loads of social proof via their social circles including their internet fame. Gaming her would be a learning experience, and she is not that hot to begin with. So yeah,shes into fame, social circles,name dropping and money too ",0
Women dont' want their man to be (needy).  They don't want a guy who wants to talk about his stuff to them.,0
"They'd love a beta guy to dump their shit on though.  They love that,  an emotional tampon.",0
Don't expect them to give (you) anything.,0
"Most women who have ""actual"" guy friends,  there's 2 scenario's.
1)   He's their emotional tampon,  they can  use him for stuff.
2)   He limits them,  doesn't let her dump stuff on them , doesn't let her take advantage of him.   She actually is attracted to him,  but doesn't let him know because she either knows he's above her and  he'd dump her,  or wouldn't even tap her, the ultimate disgrace for a woman.",1
"I haven't really seen a different option,   unless it's an actual friend group, you have friends who are her friends,etc.   Even then,  these scenario's are damn real. ",0
"I’ve read the side bar man, I just always want to hope that stranger’s actually care about other people or want to listen or act how I’d act with empathy and respect. Before I was diagnosed with bipolar, I had really gotten into thinking “I don’t give a fuck about anyone, no one is ever going to drop even a pinky to help me If I collapse in the street”.",0
My biggest weakness is that I always THINK someone’s going to act a certain way and understand but EVERYONE is so DAMN selfish. I just really can’t get over how insanely selfish and self-centered everyone is.,0
"But if you ask a question like that on here,   Why will my girl not listen to my problems or my complaints.   You will get the correct responses.",0
"BECAUSE WOMEN DON'T CARE ABOUT MEN.   They want their man to be better than them,  to be their rock,  their emotional control,etc.",1
"I get it man,  especially today.   Most people are selfish and don't care about people.  The young are just so into social media, they have a hard time communicating with real  people,  in person.",0
"politeness, proper manners,  have been erased badly over the years.   It doesn't really mean those people cared about you  years ago though.  They just may have listend and been polite.",0
"Strangers, people you don't know,   you can't expect anything from.",0
"yea, that’s true. I really hate to say it but every interaction i’ve had with women accept ONE proved that men can’t be friends with women and women don’t care about ANYTHING a man strives for or has gone through. I just still can’t get over that. I remember reading in one of the books “women want the finished project, not the project in motion” or something like that. Just sucks not having support for the project. I feel like once the project is finished I’m never going to want to share that shit because I built it on my own. Why would I give anyone access to a nice car, nice house, fully established bank accounts, for free? Horrible concept.",0
hypergamy,0
you can't reason with it or negotiate it.,0
"This is the anger phase you know.   Once you accept it, you try to get what you want from it.",0
"Me,  i'm in a LTR,  I'm old.  I don't share/comingle finances.  she has her stuff, I have mine and we split expenses 50/50.",0
"I don't pay for her hair cuts, nails, spa or anything of course, that's on her",0
"We only stay with each other,  because we want to.    Easy to leave.",0
That's the way I want it.,0
"I think you're being categorized as a nice guy emotional tampon. Maybe you're talking too much, use text for logistics only.",0
"Treat female friends the same as you would male friends. Maintain a strong, masculine frame. If you wouldn't tolerate something from a guy, don't tolerate it from a gal. You friendzone THEM, not the other way around. ",0
In my life I've met very VERY few women who I can consider friends. Most of them either:,0
"Want to use me for money, energy, attention, or time",0
Want to fuck me,0
Women are unreliable friends because they don't understand the concept of reciprocity. They are accustomed to relating to men in a way that usually only benefits them without having to offer anything back to men,0
look man call me old fashioned but men and women aren’t supposed to be friends with very few exceptions.,1
guys are friends w guys; girls are friends w girls.,0
Here’s the main things you’re doing wrong:,0
The fact that you’re allowing your relationships w chicks go from bjs to 1) not sex and 2) venting n bullshit instead of that.,0
"You’re probably giving off extremely soft vibes and by the time a shawty hits you w the “let’s just be friends” that’s womanese for “sry you dried up my panties”. You’re probably texting these women wayyyy too much, not escalating properly during time together etc etc. ",0
If you want it to stop you gotta change the way you interact w chicks and stop giving off beta bitch boi vibes.,0
Treat em like dirt they’ll stick to ya like mud,1
Because you're not really friends?,0
"If you're willing to be the dumping ground for her venting, you're just not understanding that she doesn't have to value you at all to get some attention from you.",0
"Female friends are different in the sense that most won't be interested in deep topics or guy hobbies like gaming, but they should otherwise feel the same if you really are friends.",0
"I've gotta add from my experience to the other comments that it's not that women just don't care about men, they don't care about other women either. They will still take advantage of eachother whenever they can, just like these women have been doing with you.",1
"Don't bring it up. If you do, it will seem forced and women can smell that shit a mile away. The secret is not to judge when they start to trickle truth.",0
"No, I just show an absence of judgement. I don't act pro sex positive, i don't want it to boomerang and inadvertently encourage slutty tendencies ",0
I don't think what a man encourages has anything to do with it.,0
"It's unlikely to move the needle much but the last thing you need is a girl who's like ""finally a guy that won't judge me for being a free woman"" and then she stops caring if being a slut has consequences or not",0
Try it for the hell of it. There's nothing to lose unless you're hoping for more.,0
"No, don't fake anything. Have your standards and live by them. It's for her to fuck up and lie. Not you.",0
"The issue is I did in my last relationship, but because I was truthful about my standard of wanting a girl with a low body count from the jump, she lied about it, I found out after 7 months. I’m scared of that happening again. ",0
Well yeah it happens to all of us. Treat the women accordingly. Now she's a slut AND a liar. Not exactly someone you want to have your back when the SHTF. I'll fuck a prostitute with an n-count in the hundreds because she's hot and cheap but I'm not making her my wife and mother of my children...,1
"My idea of sex positive: my dick, her ass. I'm willing to buy her tacos after.",1
"I think its more about just being very relaxed about talking about exes and past experiences. Once they are invested in the relationship and know you are not keen on sluts, they will lie. Right at the start, before you even ask them out, they will be a lot more honest. The longer it goes, the keener on you they become and the more you reveal who you are, the more they try to pretend they fit your standards. With time you inevitably reveal who you are so finding out early is better.",0
"I'd always play it cool,  not judging them,etc.",0
"I wanted to get her past history as honest as I could.   Of course, you'll never know it all, ever.",0
You don't need to.  You don't need to do anything to get a woman to reveal her past sluttiness.,1
"Because women just can't wait to tell you all about it, because they are so proud of it. This has been both my experience and my observation over the last decades (I'm early 50s).  And they never stop. I was at a dinner party over the weekend, and some woman was telling us all about 'what a party girl' she used to be. This was interpreted as a challenge by the other females, and they stepped up, so as not to be outdone. ",1
One particular woman recounted how she had been a volunteer at a large church festival (pushing old people around in wheelchairs) - which was the only kind of festival her religious parents would allow her to go to as a young teen - but she then told us all how they would sneak out to the nightclubs until 4 in the morning.   Her poor husband had to sit there and listen to stories about all the sex his wife was getting while he was some poor teenage guy not getting any.,0
"Women will let you know all about their slutting because they are proud of how slutty they were/are.  This gets worse as they get older, because nobody wants to fuck them anymore, so they use stores about how they were 'party girls' in order to prove to everyone that, well, at least they were sluts in the past (before they got ejected from the CC). ",1
"Women always tell on themselves.  All you have to do is listen.  If you go to other forums where females congregate, they have this sort of convo;",0
"""I don't want to sleep around too much, because I don't want a bad reputation""",0
"You won't have a reputation, because you are a nobody. What will happen is that you will not be able to resist the urge to boast about your sexual past",0
"""What's the big deal with a high n count?  It's my own personal secret, so I'm not going to be telling future husbands""",0
"*Oh but you will. You will not be able to hold back on the urge to humiliate your husband. You will lie when / if he asks the n count question, and then trickly truth him over years to instil doubt. This is called the 'insincere lie'. You lie badly on purpose, to create doubt, and the doubt creates jealousy, which creates power in the relationship for the wife. You will not be able to resist the power of humiliating your husband, and it will come out""",0
It's a bad idea to start everything from scratch.,0
"Why not? This is a great idea. Start a side business. Hustle for a bit until it gets off the ground. Then, you'll be the boss, get to rub all the elbows, and set your own rules.",0
Starting a business is something worth to spend time on. But can you imagine one where all 5 points above are met? I also ready to give up on 5th and maybe 4th.,0
"Part of you bullet point problem is that 3. and 5. contradict each other. Unless you have a stream of high-quality ladies flowing through your house, it's going to be either you're in a place where there's women (not remote), or in a place where there's no women (remote). There is the possibility of working remotely in another country where there's lots of high-quality women roaming your neighborhood, but those are wifeys looking to settle down, not be spun like plates.",0
I want to be in control. Software engineers are usually treated as a production resource.,0
Depends how good you are.  Engineering is a great basis for a career.,0
"Flow of high quality ladies. I have few good places to pickup girls, but logistics and vetting still takes much time.",0
Right.,0
Ability to somehow leverage my IT corpo background. It's a bad idea to start everything from scratch.,0
Yes,0
Possibility of remote/hybrid working if needed.Allow more meaningful human interaction. Right now I'm just write a code and speak with people who write a code.,0
Remote working is terrible for everything you are trying to do.,0
"Ok..... there are very few careers that are good for money and women, and most of them are hard for nerds like you and I to get into.",0
One further option is part time in a bar.  That could get you best of both worlds.,0
Other than that.... let's look at this logically.,0
You won't be fucking your coworkers.,0
"So that leaves customer service (eg bar), something like business presenting / coaching / talking.  Or something like you are a salesperson and go into bars to sell things (Rollo's job, basically, IIRC).",0
Or find some weird niche like engineering high heeled shoes.,0
Depends how good you are. Engineering is a great basis for a career.,0
"I don't want to do it anymore. There are options to switch to engineering management, software architecture, pre-sales engineering, product management or whatever similar. But still it will be an IT corporation.",0
Remote working is terrible for everything you are trying to do.,0
"True. I could skip the remote part so far. Basically I don't want to be glued to one place, but this requirement goes in contradiction with other points.",0
"What careers do you have in mind here? Unfortunately, I no longer see myself as a nerd. Nerd life was so delusional and easy. ",0
There are no hard to achieve careers. But some goals might be too time consuming and therefore not worth chasing.,0
One further option is part time in a bar. That could get you best of both worlds.,0
Hmm. I'm not a bar person. Honestly the bartender is low status hard work where you are invisible to the customers. Am I wrong? Running a bar by yourself is also a huge mess.,0
You won't be fucking your coworkers.,0
Never understood why TRP advised against.,0
"Yeah, I thought in this direction. Something like organizing HR/recruitment meetups. But it's more of a hobby than a full blown job/business. ",0
Sales to the local entertainment business also looks interesting.,0
Or find some weird niche like engineering high heeled shoes.,0
Yes it might be something in the faction industry but I know nothing about it.,0
"What careers do you have in mind here? Unfortunately, I no longer see myself as a nerd. Nerd life was so delusional and easy.",0
ok..... fashion.... photography...  big instagram presence.... as much fame as possible.... contact with attractive models.  musician.,0
"anything where there is an aspirational element.... acting / film producer / music / music producer / etc. etc.  All the shit women love around money, glamour, fame and rarity.",0
Hmm. I'm not a bar person. Honestly the bartender is low status hard work where you are invisible to the customers. Am I wrong? Running a bar by yourself is also a huge mess.,0
"You are far from invisible, you often have high relative status.",0
because women lie about you and it eviscerates your career.,1
Yes it might be something in the faction industry but I know nothing about it.,0
obviously not my jam either,0
"I know people who do high level IT project management involving travel, remote work and the rest you’re outlining. They dont code; they lead, develop, manage, and eat at fancy restaurants.",0
"Why are they doing that and you’re just a worker drone, a cog in some machinery being built by someone else?",0
"I just think you need to level up, adopt a birds eye view of where the good work is in IT, start networking and put in the right kind of effort.",0
The Gervais Principle. It's the best peace of reading I found on TRP.,0
"Basically it argues what there 3 types of people in each organization. One day I found myself transformed into ""sociopath"". Sociopaths are people who run the business, climb corpo ladders and eat at fancy restaurants. But I don't found endgame appealing and required tradeoffs are rough. Climbing the ladder takes A LOT of effort and each level put more and more pressure because counterparts are more sophisticated and manipulative. It's something I don't want to spend life on. ",0
Starting own business is option I'm ready to consider. To be honest I already tried twice. And failed twice for different reasons.,0
"Starting a business requires exceptional deduction and time. I know few business owners who are struggling to find a time to sort personal live. It's a situation I don't want to find myself in. So, I want to be smart and find a niche both with money and woman. I know this puzzle is hard to solve.",0
Smart guy. You will be obsolete in a few years. You have to take your entire skillset and make a new job going into this AI future. My trade(coding) and profession(teaching) are obsolete. So I can combine those and teach teachers how to use AI and how to teach students how to use AI. Cross-field is the way to go.,0
"It means she's looking for a daddy to discipline her. Next time she mentions it, man up and escalate.",0
"She's not my problem. Do you ""man up and escalate"" around every single thing that moves? She has to at least make some convincing eye contact for me to want to escalate. Am I thinking wrong?",0
"As a man, if you dont know whether you want to fuck a girl or not, within a very short time of seeing her, she’s either crazy/risky or something is wrong with you. It could just be insecurity or anxiety from the situation or it could be something else.",0
"Please, when asking questions, STATE YOUR GOAL.",0
Am I thinking wrong?,0
"Yes, you are.",0
"Her: ""Sometimes, I'm just like a little girl.""
Me: Oh really? Have you been a naughty little girl? You have been, haven't you? Daddy thinks you need a little spanking...",0
"You don't have to give a fuck, just have to play along.",0
"So I have to play along because this is like greetings? It lets you discover if you'd get along/fuck, so you gotta play along even if you don't mean it.",0
"Do you know any books that can give me ideas on how I can play along? A book with dialogues maybe. To develop my ""vocabulary"" ",0
Watch PlayingWithFire on Youtube.,0
"""We are not in position to make eye contact."" ""She comes from a country that has whores"" ""She doesn't expect warmth"" ""She showed me no interest (that's a lie btw)"" ",1
"Once again, you find all kind of rationalisation to avoid escalation and polarization. There is no 100% fool proof way of knowing if a girl is interested in fucking you unless you escalate.",1
"The sooner you do it, the less time you lose on attention whores. ",1
"You must be young, 21-27. A lot of you young guys are thoroughly frightened by rejection. Look at your last sentence: that is the typical mindset of guys your age, you have to have at least 10 IOI before you go and take a chance. Only making it worse for y'all in the long run, especially when guys my age are still in competition. I'm talking to someone ten years younger than me and I'm not wealthy yet and I see my only competition are men my age. Man up and next time, escalate because it's obvious you are attracted. ""If she showed me more interest, I could have liked her more,"" is a statement you expect to hear from a woman discussing a man she wishes would court her.",0
Yeah it's a stupid question. Sorry... not sorry. She's being playful. You're supposed to play with her. GTFO of here.,0
We walked for a few hours.,0
you walked for few hour without trying to find out do you like her - it is on you,0
she's like a little girl in 3 different occasions,0
"you are LIKELY not calibrated, no one was there to hear it, but it sounds like being playful and if YOU quote is it means it CAUGHT YOUR attention, you just didn't have calibration/balls to go with it",0
We're not in a position where I can make eye contact or pay attention to her to figure out who she is,0
what? for few hours. put that mobile down dude. go home if she plays instagram for few hours or demand she stops. most importantly learn to write more details unless you are embarrassed about details,0
How do you treat girls like little girls when you feel nothing towards them?,0
"you are going home if you didn't make effort to do anything for few h, you tell yourself 'pussy' and try again.",0
tell yourself all the time 'it is on me' it feels better,0
"She has singles you out by inviting you. This is a strong sign but she is also a solo female traveller. This could mean she is used to singling out men for beta type attention as she travels around. It could just be she is using you to take her around or she could be interested in you. The little girl thing with nothing else to go on, suggests she is relaxed. ",0
You may have to ask as see if she is interested.,0
"last time I have seen it I didn't look at their BMI, calling some of them mid is too much credit to them",0
"seems like the 'Dr' is climbing, he has got numbers, but not quality yet",0
They want a bail out. 50 women can't afford a lawyer together and want someone to help them pro bono. They bully the guy (who may be a jerk for all I know but not a bully) and then they claim they are being silenced because he holds them to account for their bullying.,0
Oh dear. Makes you want to just avoid.,0
I love how those women’s groups are all about “outing men who cheat” but yet they act like women never cheat.lol,0
Good! He should sue them. This is clearly defamation. A smear campaign. It's definitely cyber-bullying. I'm glad to see another man stand up for himself against these types of women. Johnny Depp was a precedent all by itself.,0
"Everyone must do it, they would stop very quickly.",0
"I understand your problem. Women are an easy way to tell yourself ""I gotta do this!"". Doing it for yourself might be a bit misleading, I prefer living for yourself.
If you're just worried about not being alpha, you shouldn't second guess yourself. Being a beta is bad because beta guys often don't realize what they need to do to feel like a man, not because every man wants to feel that way.
Obviously people on TRP are here because they'd like to feel alpha and live like one.
That doesn't necessarily mean you have to live your life set in stone according to every tenant.
If girls are what motivates you to be a better man right now, I say keep using it. If you're truly upset about it your priorities will naturally change anyways. Nitpicking on whether something like this not makes you alpha is pointless.",0
Find your mission.,0
"There is a very good reason why learned men all arrive at the same conclusion (which is ""find your mission"").  People like Jordan Peterson and all kinds of men in the manosphere, plus all the philosophers have this in common - they realise that until you find your mission, you will be lost (you sound lost right now).  It's one of the reasons why Andrew Tate is such a waste of time - his mission is to take steroids, get tatts, buy Lambos and fuck chicks. He has no mission and doesn't understand what a mission is. ",0
"Find your mission. Its because so many men get lost in life. They bounce around from woman to woman, job to job, go to the gym, buy cars, don't know what they are doing. They end up depressed at the emptiness of life. They watch sports, drink beer, get drunk, get laid.... nothing helps. The world is an empty, lonely and pointless place.  Suicide is the leading cause of men under 50 in the west.  And most men kill themselves NOT because they are depressed - they hit the off switch because life is pointless. ",0
"You need to find your mission. You said yourself, that your 'interests change yearly'.   Interests are not missions. I love my motorcycle, but its not my mission. ",0
Find your mission. Devote some thinking time to it. What do you want from life?  Start backwards. Where do you want to be buried? Who do you want (if anyone) to visit your grave when you are gone?,0
"Find your mission. Do you want to have kids? What kind of life would you like to give your kids (if you wanted some)?  Do you want to achieve something, big or small? Do you want to learn something? Do you want to contribute to the sum of human knowledge? Do you want to help others? What the fuck is your mission? why are you here? ",0
"Find your mission. Time is limited. Every day you wake up is another day taken from your account. What did you do yesterday to further you mission? Nothing? Ok - what about today then, What are you going to do today to further your mission?  ",0
"If you did one thing today for your mission, it could be this - sit down with yourself and spend 45 minutes writing in a note pad - bullet points is fine - about finding your mission. At least when you wake up tomorrow morning, you can answer your daily question about what you did yesterday to further your mission. You can say",0
"""I spent 45 mins on findinig my mission. That was step one. Today i will do step 2""",0
Find your mission.  Let me know how you get on.,0
"As I wrote in the last paragraph I don't like the notion of a ""mission"". I can't just find out in 45 mins what I should dedicate the rest of my life into. Tate is waste of time bc. he's a moron.",0
Is getting better a mission? I've dedicated my life towards that the past few years.,0
What's your mission if I may ask? I couldn't even come up with an example tbh.,0
"Did I say that you could find your mission in 45 mins?  No. I said spend 45 mins on it on day 1.   Then you will have made a start. The issue is that days go by, and you have not made a start. It will take time and effort to get anything of value. Nothing that you can get instantly is of any value. ",0
"I'm not going to tell you my mission, because I think it would distract you (I don't mind at all that you ask, brother).  If you want to drink coke, smoke weed and play CoD for the rest of your life, if that's what you really want, then I see no issue with making that your mission. It doesn't have to be something noble.  It's all about living an intentional life. there is no problem with getting high and playing video games for your entire life, if that is what you think a life well lived is all about.",0
"The issue is when your life goes by, time is up, and you look back and say, I didn't do what i wanted to do, my life was a waste of time. THAT is what causes men to become depressed - they get to age 34-55 and they realise that their life is meaningless. ",0
"meaninglessness is the cause of misery. Not suffering, not poverty, not loneliness.  Men can tolerate great hardships and come out the other side. But they cannot overcome meaninglessness. ",0
That is why finding your mission is vital.,0
It sounds like you still 'don't like the notion of a mission'.    You really ought to read more about it. It is a transformational journey to find your mission (it takes time).,0
"You ask, is getting better a mission?  I don't think so. Do you have healthy issues?  Getting better is just a necessary part of progress. For example, I have to have a shower and get dressed each morning, but its no the point of the day. Its just something I have to do before I get to the important stuff. ",0
It's easy. Understand the nature of women. I'll give you an example:,0
And that's just one woman. How many times do you think you can go through that over the course of your life?,0
I think its impossible unless you are a castrated man.,0
"But lemme give my two cents: Where I work, i'm the youngest. I'm 32. There are 30ish old guys who are dating. But let's jump to the majority: Guys there are 45+. ",0
"Why i'm saying this?
Because that's their nature: To be a storm in your life, make you feel safe to slip. They'll do whatever it takes to take you of your rock state. But if you do, they'll suck your self respect and self steem out of you and go away. In my own experience, you can literally see those shiny eyes the girl had on you becoming a dead eye. My old partner even said it to me: ""this girl is trying to change you and you are going along. She'll dump you anyway"". Unfortunatly, can't go back now.",1
"TL,DR: DON'T FALL BACK FOR A GIRL. If she can't keep up, dump, you are not their father. In your case, go date gym girls and dietitians. Lucky you.",0
"By locking in to your mission. Your contribution to this world. Fully focus on developing both your internal & external attributes, and realize women are just a side effect of excelling.",0
"This is the answer. If you make it your primary purpose in life to get laid, then you will put women on a pedestal. With that said, I think it's excellent that OP focuses on becoming more attractive to women. Thinking you're the hottest shit, without having to improve yourself, because ""you're not focusing on women"" is a pitfall I see guys fall into. Improve your attractiveness until you objectively get the results you want. But never have getting laid as your primary purpose in life.",0
There's nothing wrong with wanting to appeal to women. The problem comes when you focus on women and become outcome-dependent.,0
"To answer your question of ""How can I stop putting the focus on women"", the answer is about changing who benefits from your actions.",0
"For example, I like to lift. Does it help me get laid? You fucking bet, but the outcome that I'm looking for isn't female validation - the outcome that I care about is internal (in this case, being stronger). I make money, but the outcome I care about isn't using it to get pussy - I focus on investing. ",0
It's when you shift the focus of your efforts and the satisfaction to an internal one that the external sources of validation matter less.,0
Getting laid is also sth. I want. So technically appealing to women for sex is sth. I do for myself.,0
"Also why should I care about being strong? I'd only care about maintaining mybody. I've thought about caring becoming a strong, independent, competent man. But where's the finish line for that? That's like playing an infinite game, it will never stop. Also I'd still fall into the expectation of being more appealing to others.",0
"Oh I'm sorry, I mistook you for someone who wanted solutions. ",0
Solid answer.,0
"I like to lift. Does it help me get laid? You fucking bet, but the outcome that I'm looking for isn't female validation - the outcome that I care about is internal…... I make money, but the outcome I care about isn't using it to get pussy - I focus on investing.",0
"To latch onto that, there’s nothing wrong with feeling like the first part of those equations is the most enticing part of it. Initially, it likely will be, and that’s fine. That’s not the same thing as first behaving as if, and then internalizing what’s most important and fulfilling long term.",0
No one can tell you what your purpose in life is. Only you can tell.,0
Well it sounds like you're still pretty young. You should be focused on stacking cash. Muscle is only one part of the equation. You might also try to get into social circles of other guys that are in a similar position as you. Have some guy friends. Do guy things.,0
"I'm 22. Making money is important, but working too much is kinda an endemic problem where I live. I'll have a well-paying engineering job. But having money is useless if I'm not living a fullfilling life.",0
I struggle making friends.,0
"Get some hobbies and sports, you'll make friends there.",0
"You gotta find something before it is too late, some passion besides dipping your dick in hot pink pussy.Engineering,programming, architecture,mathematics,social communications, marketing. Those are all things(there's more) that,should you find your passion there you can make a living and profit off of it. There are other things like buying action figures,videogames,collecting Ferraris,raising a family..there's passion there too. It is not about letting your love for sex go away,just find something else if youre feeling empty",0
"I'm studying engineering. It's fullfilling, but obviously I need other facets in life. I'm actually quite passionate about sex.
The issue is, as I wrote, my interests fluctuate.",0
"Just keep trying different things. in the meantime try some kinks like orgies,threesomes and bdsm, there's a lot to explore",0
lol I'm actually quite into BDSM. It's just difficult to get girls for that. Do you mean explore just in the sexual realm or in general?,0
"With BDSM you gotta be straightforward,ask chicks if they're comfortable doing it. And yeah explore stuff,everything. It is a nice habit to just try new stuff, even if you don't stick to one single thinf",0
"Oh look, a Keep-a-Man baby gambit FAILED YET AGAIN.",0
"Women really played themselves by loosening all the restrictions on premartial sex and divorce. Sure they thought it would allow them to try to perpetually trade up, and it does, but the inseparable flip side of that coin is it also means Chad/Pookie/Ray-Ray/Kyle from county lockup can perpetually trade them in or discard them.",1
Dumb sluts.,1
"And before any dude even thinks about playing Cap'n Save a Hoe, he needs to realize that she has already demonstrated a taste for the kind of guy that will nail and bail - so if you ain't that, you have gotten a preview of the kind of man she's going to cheat on you with once she secures your resources.",1
Caveat emptor.,0
"Why get the milk for free when you can just buy the whole cow?? Answer me THAT, gentlemen!",0
"The takeaway from this is that They have no shame when it comes to  getting what they want. The guy that they foolzone for 7 years, she will ask that fool to marry her it it suits her best interests. And she'll tell the guy that she secretly loved him but was afraid of ruining the friendship. And the fool will buy it. ",1
"If one of my fellow mods would xpost this to that other platform,  I'd appreciate it.",0
"Done. I'm locking the comments there, however; should I unlock them?",0
Your call. I'm OK either way.,0
"Quite a find there, they are rarely so blatantly honest.",0
"First off, I congratulate her on not aborting her baby but seeking a beta instead. At 21 with no obvious tattoos and only one child, she is actually a better bet than most of the ladies we see pass this way. There is a lot of mileage left in this one and she only brings one cuckoo to your nest. ",1
You would just have to get past a mega ton of settling (that might wear off on her side once she got ensconced and into your wallet) and being effectively a massive cuck.,0
"Still to be fair she is a much better buy than the others I have seen recently. To me the massive red flag is the absence of a smile. If she can't even smile for you when she wants a total bailout, you might be lucky to ever get a smile form her no matter what you do for her. This is a desperate woman who will do anything.",0
There is always a price point at which the beta strategy will work and the price point is dynamic. I would love to see how this one play out. One imagines white knights will offer but will she be desperate enough or will her parents bail her out?,1
At 21 with no obvious tattoos and only one child,0
"Jesus, the sorry state of America ",0
It's like going to your local shops to buy milk and your best option is the one that is only 1 day past the used by date while all the other ones are at least 3 days over the used by date.,0
Time to shop elsewhere.,0
not aborting her baby but seeking a beta instead,1
"Well, she should have kids from someone who is actually willing to be a father. Or use contraceptives. But hey, nothing says romance like playing russian roulette with the future of an unsuspecting kid.",0
she only brings one cuckoo to your nest,0
Yet.,0
"Best to not think of it as abortion. Think of it as ""giving God full custody"".",0
Would you be smiling if you were a 21 year old pregnant single woman with no place to live?,0
"If I knew that you'd be there to rescue me, I'd be smiling ear to ear. I always secretly loved you back in high school when I never looked at you.",0
Now take me out. I feel like getting one of those chilis where the bowl is made out of bread.,0
"Yep, is she willing to take a guy who’d she would vomit on under normal circumstances? If so, she could absolutely find someone, if not, she will have no chance. If she is perhaps going to be homeless, you’d think she’d be smart enough to take what she could get and play housewife, but she might be the type to go in trying to run things. ",0
And play housewife?,0
Not on your life. She is going to play divorcewife.,0
"She wants a disgusting beta male with a house. She can then divorce rape him (because he touched her child).  She'll get the house and she can go back to the CC, and pay for the baby sitter with alimony. ",1
She's a hermit crab.,0
BB beware.,0
divorcewife,0
"Oh, excellent portmanteau. Adding that one to my lexicon.",0
"You're welcome - it just came to me. I haven't heard it anywhere before, so I guess its 'new'. ",0
"The hermit crab is probably the wrong analogy. A hermit crab is unable to create its own shell, so it hunts around to find a discarded one to make it its own. She's more like a cuckoo chick.  The cuckoo mother lays her egg in the nest of a stranger bird. The cuckoo chick is then treated as the chick of the stranger. Eventually the cuckoo chick gets larger and larger, often tossing the other chicks out of the nest to their death, so it can have all the food. Eventually the chick is larger than the surrogate mother. The mother may die in an attempt to keep the cuckoo chick well fed. ",1
"This woman is like that. She wants to move in, and pretty soon, BB will be moving out, with nothing but a suitcase and a life time of alimony payments. The nest will be hers, and she can revert to the CC. ",0
I think this is a fundamental shift in the Overton window. Enough single moms and red pill videos have gone viral that this woman probably went online and saw them and realized her best shot is to be upfront about her real intentions and treat it like the transaction that it is. Sex in exchange for room and board and fathering.,0
Yup. I mean I can’t imagine how much more clear it’s laid out. “I’m desperate for security for myself and my child. Who’s desperate enough for sex to agree to this?”,0
"As far as I’m concerned, it’s a value proposition. If a dude thinks this is better than hitting the gym, well, fair enough. ",0
I think it's just a return to normal. A long time ago a single mom would shack up with an undesirable man with cash. Usually the fat landlord or banker.,1
"Yes, I think you are right about a shift in what is acceptable. Red pill has actually helped people to start talking about the truth. In the late 20th century it would be a story about being disappointed in love, left pregnant and looking for someone to mend her heart. ",1
"A smile still would not have hurt her chances, she didn't have to be that honest about her bringing no joy to your house.",0
haha,0
Sex in exchange for room and board and fathering.,0
"Sadly even being that upfront is still them being very selectively dishonest. They gloss right over how there's no enforcement mechanism to make them uphold their end of that transaction once they have a man on the hook for the rest, which DOES have enforcement mechanisms aplenty. ",1
"I was recently studying this. It turns out that my wife and I are not legally married in my state. Since we've lived together for more than a year without getting a marriage license, we're not even a domestic partnership or legal union. We're just room mates with kids (legally speaking). ",0
"So if this woman were to move in and leech off a guy without providing sex, he could just kick her out. ",0
Sex in exchange???,0
The poor deluded BB that takes on this skank is not going to get any sex. What he will get is divorce rape.,1
Then he will lose the house.,0
"She is looking for housing, not sex. ",0
She said so clearly in her profile.,0
Well clearly she puts out. How else would she get pregnant?,0
"She puts out to unsuitable men (Tyrone), not to suitable men (beta bucks), you dum dum. ",0
"Tyrone for the sperm, BB for the housing. ",0
Are you new to this wayhmen thing? Still learning?,0
clearly she puts out,0
"She has standards, and the BB doesn't meet them. She is willing to marry, but no touching.",0
"She eagerly puts out for Chad/Tyrone while Billy Beta at best, might get some starfish action in the hopes that will lock him down.",1
Yeah she should make that clear up front. Maybe she'll be able to get a guy with no testosterone.,0
"It's a start, when they start posting ads like ""quiet, submissive, loyal housekeeper and sex slave for life"" I'll start taking the shift seriously.  Until then it's just posing or desperation.",1
"What, you want a ""pick me"" girl that you can force into your Ozzie and Harriet fantasy? HAH! Ridiculous. Now get to work. She needs you to earn money to extensively remodel the kitchen so she can refuse to cook anything in it.",0
"Well, I wasn't sure how long they were going to double down for but it looks like the single moms are the first break in the line of defense.",0
"The tradwife movement is interesting.  While still a bunch of attention-seeking bundles of red flags that usually are not that traditional OR wives, there's a subconscious awareness there.",0
"Many younger women are looking at the world too, deciding they don't want to compete in a man's world after all, that they want a husband and children.",0
"I predict the shift will happen slowly, then suddenly.  Women are like fish.  When they shift course, they do so as a school - together, and there is very little introspection about the 180-degree turn, or remembrance of what came before.  ""We were always like this, teehee!""",1
"I'll raise a toast to the day this site is obsolete, because wayward women are either executed or so ostracized for misbehavior that they all fall in lock step with other beautiful/loyal/submissive housewives.",1
"Don't be too excited for that day, fellas, it will first of all require lots of blood to get there, probably a new government, and it will mean men are responsible again - to raise virtuous daughters and keep our women in line.  With our power will come great accountability and the need for good men, or else feminism will take root again.",1
"Sorry for the rant, been reading a lot of Vox lately and it's rubbing off on me (in a good way I hope).",0
Until men stop being emasculated by an educational system that view boys as defective girls.,0
Until the laws concerning marriage and children are truly equitable.,0
Until young women avoid increasing their body counts and damaging their bodies and minds.,1
Until society enforces the idea that men are the head of their families again like before first wave feminism began.,0
Men should not indulge in marriage in the West.,0
"I heartily agree - but there are two types of marriage.  State and Religious.  I have zero faith in the former, but hold on to some in the latter.  Why?  Because I've seen it work well, even today.  Women can be taught and are malleable when put into the right groups.",1
"My wife doesn't obey me because she is told to by the State - she obeys me because she strongly believes that is her duty to God.  I hope you can see the difference.  I was stupid back then and did get the State contract, but if it was easy I'd gladly divorce her in that sense, because I place no value in that horrible third-party contract.  Doesn't do anything for me.",0
there are two types of marriage. State and Religious.,0
"The problem is that in the West, the State can still get involved even if you never signed a marriage licence, if she wants to divorce you from your religious marriage, she can go to the Family Court, prove she is married to you, and before you know it, the State is very much involved in the divorce cos there are huge financial incentives for the courts and divorce lawyers to make the divorce their business. ",0
"This is absolutely a problem in some states, but not all.  Common law marriage is less than half of states IIRC.",0
"In the US, common law marriage exists in about a dozen states.  Among those states, the laws that specify the circumstances that create a common law marriage vary according to state law.",0
I think it will just become a polarization with hoes and housewives at opposite ends. Two worlds existing simultaneously. Like it always was before feminism. Hoes just won't have this entitled attitude because they know what they are.,1
"Once a woman becomes a single mother, she stops trying to date the men she wants and starts trying to date the men she needs.",1
"Oh she'll still fuck the men she wants, but she has to secure the resources.",1
Never date single moms,0
Never date single moms,0
They're great for a bit of fun.  A little mutual-satisfaction-of-urges.,0
But they are generally not relationship material by any stretch.,0
My ONLY exception is,0
"If the kids are functioning adults, I'll do monogamy with one (provided she hits the Five Fs - Fit, feminine, friendly, fun, and fucking)",1
Whoa. I never said anything about monogamy!,0
"But if I'm ever single again, I might make a similar exception. ",0
"That can backfire, too. Rayray Junior can suddenly lose his job and need to move in with Mom and you. In your house. For years. Even grown, her kids will always come first.",0
No.,0
"If the whelp tried, I'd just tell it no. If the mother doesn't like it, she's free to date a man that will allow it.",0
"In other words, she's 8 1/2 months pregnant, is about to burst any time now, and needs a beta male provider with an extra room ASAP.    ",1
"My question is, where is she living now? ",0
So many questions...,0
And none of the answers are good if you are a guy who has their shit together and are looking for something long term and worth your time and effort.,0
And these women will haplessly wail and moan and fail yet again to take agency for their own outcomes.,1
"Hahaha, I wonder what this chick is like at a drive-thru?",0
"Speaker: (crackle) ZZZ- Welcome to BachelorBarn, can I get your order? (pop)",0
"Her: Yeah, I'd like to order a tall single man with good job prospects. With gym-body. And he must love kids.",0
"Speaker: (crackle) Sorry, we're all out of gym-bodies. Regular or fatty? (pop) ",0
"Her: Oh... ... regular sounds ok. ... not my favorite, but ... yeah, okay...",0
Speaker: (buzz) How tall you want? (squeak),0
Her: 6 feet. ... are you TOTALLY sure you don't have any gym-bodies left?,0
"Speaker: (crackle) Sorry, we're totally out. (crack) For 50 cents extra, you can get 6 foot-4. You want that? (snap)",0
"Her: Yeah, that sounds good. ",0
Speaker: (crackle) Car or motorcycle? (squeal),0
"Her: Car, please. I had plenty of motorcycles last week. Uhm, And a side of respect? But just a little bit, I don't want it too sweet or anything. (GAG) I just hate those.",0
Speaker: (crack) What kind of intelligence do you want? (fizz),0
"Her: Doesn't matter, really. Whatever.",0
"Speaker: (snap) Ok, regular. And what skin you want? (pop)",0
"Her: Light skin, extra crispy.",0
"Speaker: (pop) That'll be $12.98, drive around.",0
"Heh,  shades of Solomon II there.  ",0
welcome to McFling's. Can I take your order?,0
I want steak.,0
we don't have that here. Show us your tits.,1
"You know... I was reminded of that item about halfway through. Then I was like ""...I've seen this gag somewhere before, huh? Ah, nonetheless...""",0
"The only way to deal with women like this is to pose as a beta bucks that wants to settle down with a dumb hoe that got chucked off the CC.  You more or less tell her 'Yes, I'm very interested, but I am going to need a sample' ",1
She wants housing. BB wants pussy.,0
BB should fuck her and then ghost.,1
"If I were in the market, I would reply to her by saying",0
"""I am very interested in finding a woman exactly like you - but I have a lot of interest because I own a house outright, am solvent, tall, ripped and good looking.  I am currently interviewing potential candidates and have a slot available this Tuesday evening. If you want to be considered, you will have to come over, clean the house, cook a meal and then I will fuck you. You will then leave. ",0
I will notify the best candidate by email when all candidates have been interviewed.,0
"There was a time - not that long ago - when a girl like her would be sent to “visit her aunt” for a few months, and come back afterwards… alone.",0
"Nobody in their right mind would allow such an irresponsible person to raise a child, so the baby would either be adopted out or raised by a responsible relative.  It’s a bad situation all around, but it gives the kid a fighting chance, minimizes the shame on the family name, and allows the girl a chance at some sort of normal life.",0
"I went for a time to a state University, which had a large teaching hospital on campus. The history of one of the older dorms was exactly that, it was where wayward pregnant women stayed, while they came to term and delivered in the hospital. The building had been converted to student housing in the 60s.",0
"Give her a false identity, rail her till a bit before she's due, then vanish. Rent a Vrbo or something, that's just a bit too small for her to move in, and promise to find something bigger. ",1
"Of course, if you had a farm so remote there's no cell service, you could take her there and put her to work. And the kid, too, once it's old enough. That's real trad values!",1
Tapeworm looking for a host.,1
"When a girl wants to lock you down, it will be clear. She'll text you all the time, give you hour-long blowjobs, tell you stuff like ""I wish you can just lay on top of me forever"", and basically give you her soul in any other type of way. She knows you're seeing other girls and is trying to separate herself from the competition for your time. Sounds like this girl wasn't as serious about you as you think.",0
"She asked if i was seeing other girls, thats like 99% code word for: 'lets be exclusive' , its never just a question. They ask when they are gaining lots of feelings, jealous, or generally reaching the tipping point of advancing or ending the relationship. In my case, it ended. When a girl doesnt care, she wont ask. ",0
"I think she was serious, I just fucked it up. Because as you said ""She knows youre seeing other girls"" by default. I was an idiot and told her I was and she saw evidence in my room. Theres a big difference between showing them youre seeing other girls (very negative and toxic) and her just assuming theres always another girl (never discussed). I fucked that up.",0
"In my case it was clear, she dropped the L word, gets jealous, initiates blowjobs, we even went raw and i hate to admit let me cum inside her without BC, as well as met her brother and sisters. Even cried in the past when she found out i was seeing another girl. These are all pretty intense emotions for what should only be a FWB",0
I have no idea what the fuck you're talking about at this point. The answer to your question is No. I agree with Vermillion-Rx that you have an illogical frame,0
The point im making is she could have wanted to be exclusive but it doesnt mean its in the bag. A girl finding out theres another girl is a pretty big deal breaker for relationships. Thats all my point is. The high interest was there.,0
You're in her frame. Caring what she thinks about you dating other chicks.,0
"Usually you handle that conversation by saying yes but indicating subtly that she's at the top if you actually wants relationship with her. You should also handle her saying ""I love you"" better. You basically fucked up all over the place",0
"There are nuanced ways to handle these things, and retconning all of your actions to say ""i shouldn't have seen other girls cause dealbreaker to her"" is the wrong attitude. For all you know she could have been seeing 2 guys. You can't be all ""ah man that could have been a dealbreaker""",0
"You're in her frame, stop being a bitch and instead of doubting how you dated should instead introspect on why you fail at providing adequate rapport and comfort ",0
I haven't read this yet in full because it's a oneitis cognitive fallacy post,0
"Your binary, black-and-white thinking is a huge part of why these things keep happening to you.",0
"If I do A then B will happen, but if I do X then why Y will happen.",0
"That's not how intersexual dynamics work at all. The problem is you made probably months worth of mistakes with binary thinking, and never applied any real nuance to major things you did. You probably either over or under did a lot of things because you couldn't apply appropriate nuance to major points of this relationship. It's not any one thing, it was most likely a consistent pattern of mistakes driven by binary solutions ",0
I still think you really don't understand TRP as intended and still have Red Pill on an empty stomach syndrome and just cannot parse out the nuance of what RP theory is about,0
Edit: finally read the full post and none of my answer is different upon reading it,0
"I fucked her good, incorporating Sex God and BDSM leashes and collars etc, never showed weakness like crying or venting or jealousy, good vibes, wasnt available all the time, I leaded on dates and logistics from the beginning, no mistakes on my end. She initiated every ""I miss you"" ""I love you"" etc. I reciprocated the golden 2/3 times ratio. She even initiated the ""Are you seeing other girls""",0
"Everything got fucked up when she said she loved me. Thats when I didnt reciprocate back, because I believe thats a strong emotion to toss around. Ever since that moment she became flakier, and i was able to clear things up and explain to her later that I did like her very much but didnt love her (yet) and she understood. ",0
"She got flaky though after that and thats when i started dating this other girl openly (my second mistake). She saw the IG stories got jealous I guess. And thats why she asked if i ""have been with"" other girls the next time i saw her. Thats how it progressed. I only did that because she got a bit flaky and i was frustrated because she dropped the L word and there was a bunch of weird inconsistency and i felt vulnerable for saying it back when she was the one who initiated it.",0
"I saw it as a red flag for her weird behavior afterwards. I didnt break any rules, she said it first and by the time i reciprocated it was along the golden 2/3 ratio. Game was tight. But i realized then she had some weird emotional/intimacy issue based off her reaction because normal girls would take it in stride. But i excused it because i did semi-fuck it up and maybe she thought i didnt mean it, so i still kept the door open to potential LTR. ",0
"Thats when we met up later and she asked me if i was seeing others, and you told me i failed the final comfort test. I understand now, thats why i made this post. Just wondering how to fix this in the future..",0
Definitely RP on an empty stomach.,0
This is a reoccurring problem. Issue is OP generally did the right things to attract the girl. (Alpha and leading type behavior).,0
"But as the relationship furthers along, it takes different shape. Keeping women around is a little different.",0
@Hondurak you can’t expect to keep girls around long term while only exhibiting short-term behavior.,0
"Thats when we met up later and she asked me if i was seeing others, and you told me i failed the final comfort test.",0
"Jesus Christ man, you've hung onto that singular line ever since I typed it. I guess I need to type more nuanced for guys who will sperg for weeks on singular lines I said. That was ONE thing you fucked up on. ONE. By then the damage was done",0
Okay great you did all the plate stuff right in your first paragraph. Cool. But then you bungled anything having to do with rapport/relationship potential. You can't perma plate women you want to LTR. Congrats for being a plate god but the amount of nuance you apply for relationships is limited,0
"Stop saying ""final comfort test"" Jesus Christ man some times i seriously regret commenting shit on guys posts",0
"f I do A then B will happen, but if I do X then why Y will happen",0
Women aren’t pre-programmed robots.,0
Dude was just too alpha alpha without much comfort for the girl to cling to.,0
"The nuance is in the middle, not on either extreme. Maybe they too will get it one day VRX. ",0
"More than 36 mentions of ""she"" and ""her"" in 33 sentences. All you do is talk about Her and what She's doing. ",0
"You think you are acting all manly and alpha, but everything you're doing is based on how she will react. This needs reiterating, you are a dancing monkey",0
This.  OP basically has no frame at all - its all about her.,0
Upvoted you back to 1 because you're right,0
"Seems to me like the type of girl who needs to have some sort of leverage over her partner, like doing dread game on you or trying to shame you for having options",0
"Yeah possibly shes the type of girl who doesnt want a ""hot"" boyfriend because shell feel insecure. She probably wants someone she feels more superior than so she feels more secure, idk.",0
"You're deluded man. Women don't work that way.  Average and below average chicks want, demand and think that they deserve the top 0.0001% of men. ",0
"Honestly, you are not listening to what they are saying. Modern young women, pudgy fat dough faced nobody 4s think that they 'deserve' Chris Pine.   They are not joking. They all think that their prince is around the corner. ",0
"This is why romance fraud is the number 1 fraud - women never stop and think 'Hey, if this guys is so hot, why is he interested in me?'",0
This myth (that women don't want a boyfriend that is too hot) is the number 1 cope that I hear on this forum from guys. They think it didn't work out with chicks because they are too hot.,0
Every girl is different and playing girls by numbers does not always work. There are broad female behaviour traits and females are attracted to strength and will often compete for quality men but they also seek exclusivity and comfort. Some girls have bad past experiences with players are run.,0
"The truth is girls are attracted to men who display many of the traits of players but players make them feel insecure. Very few players plates are ever converted to LTRs because the girls do no like being played. They may respond to it in the way you want for a time but rarely for longer than the period of infatuation lasts. Game will get you into girls pants but staying there is more about how you relate to the individual. Game covers your weaknesses, time reveals them. You can hold anything you like in the frame but she will see the whole picture of you. ",0
"When you say you were putting her on a leash and such did you step back and consider if she actually liked it? Was she liking it because you liked it and she wanted to please you or had she done it with past boyfriends and was begging for you to do it too? Just because you can bend a girl's comfort zone does not mean you should. It becomes a shit test that you place on her. You are testing ""what will you submit to for me?"" Some girls love kinky stuff. I have encountered them but most don't like it much. Just because you can shit test does not mean you should. If you play her enough she will get sick of being played.",0
It could be that she has an attachment disorder. An attachment disorder is a behavioral condition that affects a child's ability to form healthy emotional attachments with caregivers.  These disorders typically develop in early childhood due to inconsistent or unavailable caregiving.,0
Here are some key points about attachment disorders:,0
Here are some resources for further reading:,0
"To answer your question, pre-selection is only used when women choose a mate. After that it's called dread. There is passive dread and active dread. Dread comes from you being the guy that other guys want to be and other girls want to fuck. ",0
"The active dread comes from you spinning plates. Once you go exclusive you have passive dread which is basically other women checking you out. In other words, you have options and she knows it so she stays on her best behaviour. ",0
It's time that society starts to recognize that  career women deserve,0
"Trust me ma'am, the moment you women in your youth start recognizing that the young man without money/status/genetic lottery - who is not the proverbial alpha - also deserves warmth and everything - your needs in your advanced age will automatically be recognized.",0
"Also, whatever position you take for that man - will be taken for you.",0
"Just like he does not deserve romance or your ""body"", you also dont deserve anything later in life. ",0
Venga,0
Plot twist: Anti-ageing tech comes along and so do weight loss pills and fat old men with money and status can compete with 26yr old men in terms of youth.,0
Women:  STOP WANTING ANYTHING EXCEPT WHAT WE TELL YOU TO WANT,0
"A handsome man with good prospects, who makes six figures, doesn't want a corporate Human Resource officer. Men of means don't look for hard headed (code for a stubborn bitch) or 'obnoxiously successful' (code for I have an email job and that makes me a needlessly arrogant, entitle cunt) women to marry. There's a reason why this deluded bitch is single and thirsting for chad. They may have railed her in a drunken stupor once but they don't like her. ",0
"I disagree with the post assertion that ""Instead, a man's looks and his youth become more valuable in the eyes of women (who are high earners)"".",0
"It doesn't, what happens is that she wants a man that makes MORE than she does, and she has the same standards applied. This makes her available pool of candidates all the smaller, while at the same time she begs govt to enforce laws that give her more income and opportunities.",1
"""Hoe Math"" describes this self-defeating loop very well, and it succinctly describes why any ""Corporate Nun"" ends up with nothing but her bank account and job title.",1
Two things would need to be true for that to be happening.,0
"First, that successful women seek lower status men as their own status get higher, which we know is totally false. High status women seek even higher status men.",0
"Second, that men are interested in higher status woman, which once again is contrary to reality. Men don't give a shit about your work and your money. It's a turn off because it devoids them of their life purpose and signals that you are not a good candidate to nurture your kids.",0
This is just another woman suffering from terminal sollipsism and trying her best to transform into a man.,1
Let's get you upgraded to Junior Hamster Analyst.,1
Wow. You truly are the worst mod evar.,1
Thank you kind sir!,0
"Minor quibble (ok, a major one).  It's my contention that, while ""work"" generally is more healthy for men than a life of leisure, this notion of men being ""providers"" for women is largely that of chivalrous romanticism particularly in the USA mid-20th century.  It's (partly) why generally foreign women are better adjusted.",0
"Look at it this way: If you were an alpha male and could have all the tail you wanted for free and heck, maybe even these women coming by and cleaning your home and paying your bills, would this make you miserable?  The next level of Chadness will be not only a harem of available women they don't have to ""provide"" for, but when these women pay HIM to provide stud services or even to be like Moneypenny and just hang out with him.",1
"Feminists shriek about how women were ""oppressed"" in the past by men being in charge including the women and children working in the fields and he deciding how to spend the family income.  At some time with chivalrous romanticism, this was switched on its head with men serving women rather than the other way around.",0
"""but when these women pay HIM""
This is traditionally called pimp game. Or, if you're too stingy to share, cult game. But pimp game is more practical, since it's got a built in business model.",1
"By life purpose I mean gaining status, power and lifting heavy stuff (metaphorically or not), not being a slave to a lazy woman.",1
"At some time with chivalrous romanticism, this was switched on its head with men serving women rather than the other way around.",0
"I agree. Feminism short-circuited our need for work into gynocentric servitude. But it only shows how willing the man is to do the work, even if it goes against his interests.",0
"Male being built for hard work is not a feminist social construct, it's natural law. Bringing value and defending resources (including women) is men's main biological imperative, this is what we spend most of our animal life doing. Else we would be selected out like male ants whose only purpose is to fuck a queen and immediately die. ",1
"Look at it this way: If you were an alpha male and could have all the tail you wanted for free and heck, maybe even these women coming by and cleaning your home and paying your bills, would this make you miserable?",1
"You just need to spend a short time close to people born from money to realize the majority of boys who don't have theirs parent's work ethics will sooner or later spiral into a destructive cycle for themselves and everybody unfortunate (or stupid) enough to stick around them. The smarter ones have an existential crisis, find purpose through something mundane and coast through life to be mostly forgotten half a generation later.",0
"Please note I said above "" ""work"" generally is more healthy for men than a life of leisure"" so I largely agree with you.  ""They say the number one killer of old people is retirement. People got a job to do, they tend to live a little longer so they can do it. I've always figured that warriors and their enemies share the same relationship."" -- Budd, Kill Bill 2",0
"Men have a better awareness of reality than women's who are stuck in an infantile phase of mental development (Id?) in thinking the world literally owes them a living, they ""deserve"" their pick of mate, and shouldn't have to ""settle.""  Men perhaps are better suited to understand this reality in that if they don't have a way to defend, or justify their existence, someone may deny it to them.  ",1
"The term ""gynocentric"" certainly describes our modern western civilization best as women are raised to believe they are entitled to top workplace status that men have to earn as well as protected along with their offspring that, in the past, would have also had to justify their existence.  In the past, a woman's existence was as precarious as a mans in that if she or her offspring didn't provide value, nobody would protect or support her and that would be that.  We have this strange modern Darwinism where only men are subject to survival of the fittest while the worst of women are encouraged to spawn because they have little else better to do.  Idiocracy was made because it was brilliantly cast.",0
"All that said, it IS possible for men to lead a life of leisure and enjoy oneself doing so, but it takes discipline.  If I had a son (and not a daughter), I'd have taught him the most important lesson of manhood is not that ""work"" is what defines you in society, but rather your ability to make others perceive you as valuable.  That doing ""work"" by itself is not happiness.  There's the ""work"" of understanding what you want out of life and self-understanding.  I know this ""finding yourself"" gets mocked nowadays but it's true: You can't get somewhere until you know where you're going.",0
"I suppose we can define ""work"" in a sense that it's good for men to have a purpose which is the ironic redpill genius of Barbie, eh?  That the Ken's rebelled against a leisure society where they were silenced while all the attention was around Barbie.  If ONLY our modern dystopia was like that, it would certainly be an improvement.",1
Instead I want to date the 26 year-old coworker who is on his way to making 6-figures a year,0
"Except you don't. If he's making 50k a year, you'll be looking for someone making 60k; if he's making 60k and you nabbed him, then you must be able to nab someone making 70k, right? You are always looking for more.",1
"those hard-headed, obnoxiously successful, overbearing women",1
"Gee, I wonder why they're still single.",0
"Gee, I wonder why they're still single",0
It's men's fault!,0
"Let me guess: this bossbabe made a career out of demanding more from her male coworkers and subordinates.  Being men tasked with something, they probably did it.  ",1
"Now she demands they become better men so she has an equal.  Well, biology and time and do not cater to any demands.  I hope her job title keeps her warm at night.",1
"""its time that society starts to recognize""",0
"What a non-statement, it speaks to the emptiness of the analysis as a whole.",0
Why don't they just do it?,0
"Whether its this woman, or a man talking about how he's high value and being mistreated by old women.",0
"She is talking about all these numbers, shifting values and societal recognition. She should stop typing at her computer and date this 26 year old dude and try and marry him.",0
She'll see how that goes,0